,segment,review_id,product_name,producturl,retailer,brand,retailer_product_id,base_id,variants_flag,review_creation_date,year,month,week,review_title,review_text,review_type,price,rating,images,videos,helpful_votes,promotion_flag,review_lower,date,word_count
163,Garden,1634,Earth Juice Hi- Brix ,https://www.amazon.com/dp/B005H79H9G,Amazon,EarthJuice,B005H79H9G,B005H79H9G,No,2021-06-30T00:00:00,2021,6,26,Good product,"Good product, plants loved it",organic reviews,21.1,4,0,0,0,No,"good product, plants loved it",2021-06-30,5
164,Garden,1635,Earth Juice Hi- Brix ,https://www.amazon.com/dp/B005H79H9G,Amazon,EarthJuice,B005H79H9G,B005H79H9G,No,2021-07-27T00:00:00,2021,7,30,Works great!,Plants love this!,organic reviews,21.1,5,0,0,0,No,plants love this!,2021-07-27,3
165,Garden,1639,Earth Juice Hi- Brix ,https://www.amazon.com/dp/B005H79H9G,Amazon,EarthJuice,B005H79H9G,B005H79H9G,No,2021-08-12T00:00:00,2021,8,32,Very Green Grass,"This Molasses like ingredient is like super juice, in less that 2 weeks in using this produce, by following instructions our grass came to life, flourishing and and very green. I amd from Texas where the temperature is very hot in the summer and the sun usually turn the grass from green to dark gray (Burnt). I would recommend this product.",organic reviews,21.1,5,0,0,0,No,"this molasses like ingredient is like super juice, in less that 2 weeks in using this produce, by following instructions our grass came to life, flourishing and and very green. i amd from texas where the temperature is very hot in the summer and the sun usually turn the grass from green to dark gray (burnt). i would recommend this product.",2021-08-12,61
166,Garden,1642,Earth Juice Hi- Brix ,https://www.amazon.com/dp/B005H79H9G,Amazon,EarthJuice,B005H79H9G,B005H79H9G,No,2021-08-12T00:00:00,2021,8,32,Good stuff,Plants like it,organic reviews,21.1,5,0,0,0,No,plants like it,2021-08-12,3
167,Garden,1655,Earth Juice Hi- Brix ,https://www.amazon.com/dp/B005H79H9G,Amazon,EarthJuice,B005H79H9G,B005H79H9G,No,2021-09-08T00:00:00,2021,9,36,very good product,very good,organic reviews,21.1,5,0,0,0,No,very good,2021-09-08,2
168,Garden,1660,Earth Juice Hi- Brix ,https://www.amazon.com/dp/B005H79H9G,Amazon,EarthJuice,B005H79H9G,B005H79H9G,No,2021-08-26T00:00:00,2021,8,34,good product,"have used over the years in addition to MiracleGro, and your good to go!",organic reviews,21.1,5,0,0,0,No,"have used over the years in addition to miraclegro, and your good to go!",2021-08-26,14
169,Garden,1661,Earth Juice Hi- Brix ,https://www.amazon.com/dp/B005H79H9G,Amazon,EarthJuice,B005H79H9G,B005H79H9G,No,2021-06-06T00:00:00,2021,6,22,Great product! Highly recommended!,"I have been looking for a quality molasses based sweetener, then I came across this Hi-Brix. This stuff looks and smells exactly like it should, looks really quality. Great packaging as well. Will be posting after pictures.",organic reviews,21.1,4,0,0,0,No,"i have been looking for a quality molasses based sweetener, then i came across this hi-brix. this stuff looks and smells exactly like it should, looks really quality. great packaging as well. will be posting after pictures.",2021-06-06,37
170,Garden,1665,Earth Juice Hi- Brix ,https://www.amazon.com/dp/B005H79H9G,Amazon,EarthJuice,B005H79H9G,B005H79H9G,No,2021-11-18T00:00:00,2021,11,46,Compost tea for my pants,"I use this in compost tea for my babies. They love it.I let it bubble with fish tank aerators, with some other amendments in a pail for 24hrs before I fed them.",organic reviews,21.1,5,0,0,0,No,"i use this in compost tea for my babies. they love it.i let it bubble with fish tank aerators, with some other amendments in a pail for 24hrs before i fed them.",2021-11-18,32
171,Garden,1673,Earth Juice Hi- Brix ,https://www.amazon.com/dp/B005H79HF0,Amazon,EarthJuice,B005H79HF0,B005H79HF0,Yes,2021-08-23T00:00:00,2021,8,34,Works good for flowering,Works as it should.could be cheaper,organic reviews,15.24,5,0,0,0,No,works as it should.could be cheaper,2021-08-23,6
172,Garden,1708,Earth Juice Meta-K 1 Gallon,https://www.amazon.com/dp/B000E28E6G,Amazon,EarthJuice,B000E28E6G,B000E28E6G,Yes,2021-06-14T00:00:00,2021,6,24,Too much $$,Good product. This is overpriced,organic reviews,38.44,1,0,0,0,No,good product. this is overpriced,2021-06-14,5
173,Garden,1739,Earth Juice Rainbow Mix Pro Grow ,https://www.amazon.com/dp/B010LR6CKS,Amazon,EarthJuice,B010LR6CKS,B010LR6CKS,No,2021-07-30T00:00:00,2021,7,30,Getting started,This is exactly what plants need at beginning of season,organic reviews,27.46,5,0,0,0,No,this is exactly what plants need at beginning of season,2021-07-30,10
174,Garden,1743,Earth Juice Rainbow Mix Pro Grow ,https://www.amazon.com/dp/B010LR6CKS,Amazon,EarthJuice,B010LR6CKS,B010LR6CKS,No,2021-07-11T00:00:00,2021,7,27,Best organic nutrients!,This stuff is great. Been using it for years! Its got a ton of fungi and bacteria. It definitely wont burn your plants cause I tested a few and put 3 times the recommended amount and they loved it! Getting a bag of the bloom soon because it takes a little before it starts breaking down. This and aerated compost tea and your veggies and stuff will love you!,organic reviews,27.46,5,0,0,0,No,this stuff is great. been using it for years! its got a ton of fungi and bacteria. it definitely wont burn your plants cause i tested a few and put 3 times the recommended amount and they loved it! getting a bag of the bloom soon because it takes a little before it starts breaking down. this and aerated compost tea and your veggies and stuff will love you!,2021-07-11,69
696,Garden,4809,Earth Juice Bloom Original Formula 5 Gallons,https://www.amazon.com/dp/B002JLC8VC,Amazon,EarthJuice,B002JLC8VC,B002JLC8VC,No,2021-07-01T00:00:00,2021,7,26,Good Fresh Flowering Fertilizer,The product is fresh and not old like some fertilizers that have been sitting in warehouses. Ive been using earth juice flower for about 2 years now for organic gardening. It is fully organic and produces healthy aromatic flowers. Highly recommended!,organic reviews,32.25,5,0,0,0,No,the product is fresh and not old like some fertilizers that have been sitting in warehouses. ive been using earth juice flower for about 2 years now for organic gardening. it is fully organic and produces healthy aromatic flowers. highly recommended!,2021-07-01,41
697,Garden,4810,Earth Juice Bloom Original Formula 5 Gallons,https://www.amazon.com/dp/B002JLC8VC,Amazon,EarthJuice,B002JLC8VC,B002JLC8VC,No,2021-07-25T00:00:00,2021,7,29,Wont burn your flowers,Wont burn your plants. Triple the suggested dosage works wonders. Dont forget to add a single recommended dose of the grow because you still need a bit of nitrogen for good flowering. 3-1 is tried and true,organic reviews,32.25,5,0,0,0,No,wont burn your plants. triple the suggested dosage works wonders. dont forget to add a single recommended dose of the grow because you still need a bit of nitrogen for good flowering. 3-1 is tried and true,2021-07-25,37
698,Garden,4820,Earth Juice Bloom Original Formula 5 Gallons,https://www.amazon.com/dp/B002JLC8VC,Amazon,EarthJuice,B002JLC8VC,B002JLC8VC,No,2021-08-01T00:00:00,2021,8,30,not as advertised,"Did not receive a full gallon, replacement was not a full gallon either.....both almost empty, looks like youre suppose to add water, but it says Do Not Add Water!",organic reviews,32.25,1,0,0,0,No,"did not receive a full gallon, replacement was not a full gallon either.....both almost empty, looks like youre suppose to add water, but it says do not add water!",2021-08-01,29
699,Garden,4822,Earth Juice Grow Original Formula 1 Quart,https://www.amazon.com/dp/B0001YC3PA,Amazon,EarthJuice,B0001YC3PA,B0001YC3PA,No,2021-07-28T00:00:00,2021,7,30,Messes with PH,You need to be careful when using the EJ grow. I found it to mess with my PH levels. This company needs to address this issue. This product will reduce your PH levels in your soil. The EJ grow must have high acid content. My PH drops every time I use it. It is a real pain to have to adjust my PH if I want to use it. I wasted my money on this product. Wont buy it again. I need a more balanced nutrient.,organic reviews,14.81,3,0,0,0,No,you need to be careful when using the ej grow. i found it to mess with my ph levels. this company needs to address this issue. this product will reduce your ph levels in your soil. the ej grow must have high acid content. my ph drops every time i use it. it is a real pain to have to adjust my ph if i want to use it. i wasted my money on this product. wont buy it again. i need a more balanced nutrient.,2021-07-28,86
700,Garden,4839,Earth Juice Grow Original Formula 1 Quart,https://www.amazon.com/dp/B0001YC3PA,Amazon,EarthJuice,B0001YC3PA,B0001YC3PA,No,2021-09-11T00:00:00,2021,9,36,N-P-K is 2-1-0,"Image does not match product received. The seller did not include a photo of the use label reflecting the N-P-K ratio but I bought it, regardless, because of a customer comment on 5/26/14 that the product was a 2-1-1. That was the specific ratio I was shopping for. The product received clearly stated 2-1-0 on the front so theyve changed the formula and the product label which would have kept me from purchasing. The first photo shows the sellers image on website. I have added a photo of what was received AND the use label to assist future buyers.",organic reviews,14.81,1,3,0,0,No,"image does not match product received. the seller did not include a photo of the use label reflecting the n-p-k ratio but i bought it, regardless, because of a customer comment on 5/26/14 that the product was a 2-1-1. that was the specific ratio i was shopping for. the product received clearly stated 2-1-0 on the front so theyve changed the formula and the product label which would have kept me from purchasing. the first photo shows the sellers image on website. i have added a photo of what was received and the use label to assist future buyers.",2021-09-11,99
701,Garden,4880,Earth Juice Grow Original Formula 1 Gallon,https://www.amazon.com/dp/B000E242UI,Amazon,EarthJuice,B000E242UI,B000E242UI,No,2021-07-28T00:00:00,2021,7,30,Sort of blew up,"This batch seemed to have problems from the start.. On opening, it out-gassed. Not alarming, just full. Poured a pint into another container, for convenience. It always seemed to have positive pressure. When replenishing, I found the gal. jug had the bottom blown out a bit. Fast forward from April to July, the quart container [a 1 qt Grow container] breached the bottom and then collapsed in on itself. The gallon jug has Grow foam at the top under pressure, and Im reluctant to open.If someone can explain, it would be appreciated. Bad batch, winter freeze in-transit, ??I am still using, but cautious of a new order.",organic reviews,30.36,1,0,0,1,No,"this batch seemed to have problems from the start.. on opening, it out-gassed. not alarming, just full. poured a pint into another container, for convenience. it always seemed to have positive pressure. when replenishing, i found the gal. jug had the bottom blown out a bit. fast forward from april to july, the quart container [a 1 qt grow container] breached the bottom and then collapsed in on itself. the gallon jug has grow foam at the top under pressure, and im reluctant to open.if someone can explain, it would be appreciated. bad batch, winter freeze in-transit, ??i am still using, but cautious of a new order.",2021-07-28,107
702,Garden,4895,Earth Juice Grow Original Formula 1 Gallon,https://www.amazon.com/dp/B000E242UI,Amazon,EarthJuice,B000E242UI,B000E242UI,No,2021-07-25T00:00:00,2021,7,29,Wont burn your plants. Tried and true,"Tried and true. Will never burn your plants. I recommend double the dosage for veg cycle, then 3-1 ratio of bloom to veg while flowering. Seriously, triple dose with bloom. Pure magic.",organic reviews,30.36,5,0,0,1,No,"tried and true. will never burn your plants. i recommend double the dosage for veg cycle, then 3-1 ratio of bloom to veg while flowering. seriously, triple dose with bloom. pure magic.",2021-07-25,32
1021,Garden,6359,Earth Juice Starter Kit,https://www.amazon.com/dp/B087D91TRD,Amazon,EarthJuice,B087D91TRD,B087D91TRD,No,2021-06-24T00:00:00,2021,6,25,Seriously Buy This!,My plants were very sad before using this stuff. Now I have big beautiful plants. I cant agree enough how much your plants will love you for buying this set.,organic reviews,45.0,5,0,0,0,No,my plants were very sad before using this stuff. now i have big beautiful plants. i cant agree enough how much your plants will love you for buying this set.,2021-06-24,30
1022,Garden,6361,Earth Juice Starter Kit,https://www.amazon.com/dp/B087D91TRD,Amazon,EarthJuice,B087D91TRD,B087D91TRD,No,2021-09-06T00:00:00,2021,9,36,Great,It is all I will use from now on after trying a variety of other things. Try it! You will like it! I do soil indoor led setup.,organic reviews,45.0,5,0,0,0,No,it is all i will use from now on after trying a variety of other things. try it! you will like it! i do soil indoor led setup.,2021-09-06,28
1023,Garden,6368,Earth Juice Starter Kit,https://www.amazon.com/dp/B087D91TRD,Amazon,EarthJuice,B087D91TRD,B087D91TRD,No,2021-07-31T00:00:00,2021,7,30,Awesome,"Great products, my plants grew amazingly well!",organic reviews,45.0,5,0,0,0,No,"great products, my plants grew amazingly well!",2021-07-31,7
1705,Garden,13320,Earth Juice Pro Pure Coco-Coir,http://www.homedepot.com/p/t/302607269,Homedepot,EarthJuice,302607269,302607269,No,2021-08-30T00:00:00,2021,8,35,"Holds lots of water,...","Holds lots of water,",organic reviews,14.98,5,0,0,0,No,"holds lots of water,",2021-08-30,4
1706,Garden,13322,Earth Juice Pro Pure Coco-Coir,http://www.homedepot.com/p/t/302607269,Homedepot,EarthJuice,302607269,302607269,No,2021-07-27T00:00:00,2021,7,30,"It looks good, fine pieces, well packaged too...","It looks good, fine pieces, well packaged too",organic reviews,14.98,5,0,0,0,No,"it looks good, fine pieces, well packaged too",2021-07-27,8
1707,Garden,13331,Earth Juice Pro Pure Coco-Coir,http://www.homedepot.com/p/t/302607269,Homedepot,EarthJuice,302607269,302607269,No,2021-07-17T00:00:00,2021,7,28,Great product. I recommend to all. Thanks again earth juice...,Great product. I recommend to all. Thanks again earth juice procoir.,organic reviews,14.98,5,0,0,0,No,great product. i recommend to all. thanks again earth juice procoir.,2021-07-17,11
1708,Garden,13333,Earth Juice Pro Pure Coco-Coir,http://www.homedepot.com/p/t/302607269,Homedepot,EarthJuice,302607269,302607269,No,2021-08-14T00:00:00,2021,8,32,"It retains water well, so I use it as a...","It retains water well, so I use it as a substitute for moss (with charcoal) to grow orchids.",organic reviews,14.98,4,0,0,0,No,"it retains water well, so i use it as a substitute for moss (with charcoal) to grow orchids.",2021-08-14,18
2932,Garden,27519,Earth Juice Crystal Down pH Adjuster,http://www.homedepot.com/p/t/302607221,Homedepot,EarthJuice,302607221,302607221,No,2021-10-25T00:00:00,2021,10,43,This stuff is powerful! A little (tiny) bit goes a...,"This stuff is powerful! A little (tiny) bit goes a long way. As in, PHing a gallon of water use just a few granules at a time until the PH is right.",organic reviews,19.98,4,0,0,0,No,"this stuff is powerful! a little (tiny) bit goes a long way. as in, phing a gallon of water use just a few granules at a time until the ph is right.",2021-10-25,32
9361,Garden,70058,Earth Juice Starter Kit,https://www.amazon.com/dp/B087D91TRD,Amazon,EarthJuice,B087D91TRD,B087D91TRD,No,2021-12-30T00:00:00,2021,12,52,I did not taste it....,It is what it says I have used earth juice in the past. It works awesome for all stages of growth just adjust the mixture as it says. No burn.. the grow is a little to thick but I can still use it just have to presoak that part.,organic reviews,38.2,5,0,0,0,No,it is what it says i have used earth juice in the past. it works awesome for all stages of growth just adjust the mixture as it says. no burn.. the grow is a little to thick but i can still use it just have to presoak that part.,2021-12-30,49
10423,Garden,72015,Earth Juice Hi- Brix ,https://www.amazon.com/dp/B005H79H9G,Amazon,EarthJuice,B005H79H9G,B005H79H9G,No,2022-01-11T00:00:00,2022,1,2,Best molasses around,love this stuff at the end of fruit and flowering,organic reviews,33.46,5,0,0,0,No,love this stuff at the end of fruit and flowering,2022-01-11,10
10424,Garden,72016,Earth Juice Rainbow Mix Pro Grow ,https://www.amazon.com/dp/B010LR6CKS,Amazon,EarthJuice,B010LR6CKS,B010LR6CKS,No,2022-01-26T00:00:00,2022,1,4,Another quality product from a great company.,Plants love it. Awesome quality product for a great deal.,organic reviews,20.35,5,0,0,0,No,plants love it. awesome quality product for a great deal.,2022-01-26,10
10440,Garden,72032,Earth Juice Grow Original Formula 1 Quart,https://www.amazon.com/dp/B0001YC3PA,Amazon,EarthJuice,B0001YC3PA,B0001YC3PA,No,2022-01-04T00:00:00,2022,1,1,Great product,Great stuff,organic reviews,0.0,5,0,0,0,No,great stuff,2022-01-04,2
10453,Garden,72045,Earth Juice Starter Kit,https://www.amazon.com/dp/B087D91TRD,Amazon,EarthJuice,B087D91TRD,B087D91TRD,No,2022-01-12T00:00:00,2022,1,2,Works great for your plants. I have great results from this line up.,Great for yours plants and is actually cheap,organic reviews,45.0,5,0,0,0,No,great for yours plants and is actually cheap,2022-01-12,8
10466,Garden,72058,Earth Juice Hi- Brix ,https://www.amazon.com/dp/B005H79HF0,Amazon,EarthJuice,B005H79HF0,B005H79HF0,Yes,2022-01-12T00:00:00,2022,1,2,Great micronutrients,Works wonders with the other earth juice line ups of products.,organic reviews,0.0,5,0,0,0,No,works wonders with the other earth juice line ups of products.,2022-01-12,11
10467,Garden,72059,Earth Juice Hi- Brix ,https://www.amazon.com/dp/B005H79HF0,Amazon,EarthJuice,B005H79HF0,B005H79HF0,Yes,2022-01-02T00:00:00,2022,1,52,I assume it works.,"I assume it is working because the plants seem healthier, and I used them on plants for animals, and their use went up.",organic reviews,0.0,5,0,0,0,No,"i assume it is working because the plants seem healthier, and i used them on plants for animals, and their use went up.",2022-01-02,23
10949,Garden,72541,Earth Juice Rainbow Mix Pro Bloom,https://www.walmart.com//ip/Earth-Juice-Rainbow-Mix-Pro-Bloom-Plant-Food-2-14-2-Fertilizer-5-lb/147730113?selected=true,Walmart,EarthJuice,147730113,111069267,Yes,2022-01-27T00:00:00,2022,1,4,idk,"[This review was collected as part of a promotion.] Same with this when I dont know if I want to use it because Ive read some reviews in some Ive had about a negative thing so Im worried that I will lose my plants, I definitely read the reviews what other influencers posted on here before using",syndicated reviews,21.0,1,0,0,0,Yes,"[this review was collected as part of a promotion.] same with this when i dont know if i want to use it because ive read some reviews in some ive had about a negative thing so im worried that i will lose my plants, i definitely read the reviews what other influencers posted on here before using",2022-01-27,57
11242,Garden,72834,Earth Juice Elements Cal-N-Mag,https://www.walmart.com//ip/Earth-Juice-Elements-CAL-N-MAG-Plant-Food-3-0-0-Fertilizer-32-oz/103635752?selected=true,Walmart,EarthJuice,103635752,103635752,No,2022-01-22T00:00:00,2022,1,3,WATER!,i recieved WATER! the bottle is correct but the liquid is water! dont waste your money!,organic reviews,10.78,1,0,0,0,No,i recieved water! the bottle is correct but the liquid is water! dont waste your money!,2022-01-22,16
11243,Garden,72835,Earth Juice Elements Cal-N-Mag,https://www.walmart.com//ip/Earth-Juice-Elements-CAL-N-MAG-Plant-Food-3-0-0-Fertilizer-32-oz/103635752?selected=true,Walmart,EarthJuice,103635752,103635752,No,2022-01-31T00:00:00,2022,1,5,great!,[This review was collected as part of a promotion.] The earth juice cal & mag mix definitely helped when my plants were laking nutrients this winter. A little goes a long ways on house plants so be careful! Definitely will purchase again.,syndicated reviews,10.78,4,0,0,0,Yes,[this review was collected as part of a promotion.] the earth juice cal & mag mix definitely helped when my plants were laking nutrients this winter. a little goes a long ways on house plants so be careful! definitely will purchase again.,2022-01-31,42
11244,Garden,72836,Earth Juice Elements Cal-N-Mag,https://www.walmart.com//ip/Earth-Juice-Elements-CAL-N-MAG-Plant-Food-3-0-0-Fertilizer-32-oz/103635752?selected=true,Walmart,EarthJuice,103635752,103635752,No,2022-01-31T00:00:00,2022,1,5,really helped my succulents,[This review was collected as part of a promotion.] I used this on my succulents and they seem to like it very much. I put a few drops and they have grown so much. I will be buying more once i get through with this bottle. I recommend this to everyone,syndicated reviews,10.78,5,0,0,0,Yes,[this review was collected as part of a promotion.] i used this on my succulents and they seem to like it very much. i put a few drops and they have grown so much. i will be buying more once i get through with this bottle. i recommend this to everyone,2022-01-31,51
11317,Garden,72909,Earth Juice Microblast- Liquid Micronutrients 1 Quart,https://www.walmart.com//ip/Earth-Juice-Micro-Blast-Liquid-Plant-Food-Fertilizer-32-oz/17694642?selected=true,Walmart,EarthJuice,17694642,17694642,Yes,2022-01-27T00:00:00,2022,1,4,Review it liked it,[This review was collected as part of a promotion.] Got this in my reviews and I liked it did the job it was needed for and cant wait to really try qhen spring gets here as I didnt get much time since I got it late in plant weather,syndicated reviews,15.57,5,0,0,0,Yes,[this review was collected as part of a promotion.] got this in my reviews and i liked it did the job it was needed for and cant wait to really try qhen spring gets here as i didnt get much time since i got it late in plant weather,2022-01-27,49
11318,Garden,72910,Hydro-Organics-HOJ07501-1-Pint-Hydro-Organics-Earth-Juice-Microblast-Plant-Supplement,https://www.walmart.com//ip/Hydro-Organics-HOJ07501-1-Pint-Hydro-Organics-Earth-Juice-Microblast-Plant-Supplement/37139261?selected=true,Walmart,EarthJuice,37139261,17694642,Yes,2022-01-27T00:00:00,2022,1,4,Review it liked it,[This review was collected as part of a promotion.] Got this in my reviews and I liked it did the job it was needed for and cant wait to really try qhen spring gets here as I didnt get much time since I got it late in plant weather,syndicated reviews,22.99,5,0,0,0,Yes,[this review was collected as part of a promotion.] got this in my reviews and i liked it did the job it was needed for and cant wait to really try qhen spring gets here as i didnt get much time since i got it late in plant weather,2022-01-27,49
11319,Garden,72911,Earth Juice Rainbow Mix Pro Grow ,https://www.walmart.com//ip/Earth-Juice-Rainbow-Mix-Pro-Grow/111069267?selected=true,Walmart,EarthJuice,111069267,111069267,Yes,2022-01-27T00:00:00,2022,1,4,idk,[This review was collected as part of a promotion.] I havent used yet because I read some reviews and Im kind of worried about trying to sell my place I would hate to lose my cyclones after working so hard to get in the ground,syndicated reviews,74.27,2,0,0,0,Yes,[this review was collected as part of a promotion.] i havent used yet because i read some reviews and im kind of worried about trying to sell my place i would hate to lose my cyclones after working so hard to get in the ground,2022-01-27,45
11320,Garden,72912,Earth-Juice-Rainbow-Mix-Pro-Grow-Plant-Food-8-6-3-Fertilizer-5-lb,https://www.walmart.com//ip/Earth-Juice-Rainbow-Mix-Pro-Grow-Plant-Food-8-6-3-Fertilizer-5-lb/153701256?selected=true,Walmart,EarthJuice,153701256,111069267,Yes,2022-01-27T00:00:00,2022,1,4,idk,[This review was collected as part of a promotion.] I havent used yet because I read some reviews and Im kind of worried about trying to sell my place I would hate to lose my cyclones after working so hard to get in the ground,syndicated reviews,25.99,2,0,0,0,Yes,[this review was collected as part of a promotion.] i havent used yet because i read some reviews and im kind of worried about trying to sell my place i would hate to lose my cyclones after working so hard to get in the ground,2022-01-27,45
11917,Garden,73580,"Earth Juice Grow Plant Food, 2-1-0 Fertilizer, 32 oz.",https://www.walmart.com//ip/Earth-Juice-Grow-Plant-Food-2-1-0-Fertilizer-32-oz/17694413?selected=true,Walmart,EarthJuice,17694413,17694413,No,2022-02-01T00:00:00,2022,2,5,So far my husband,[This review was collected as part of a promotion.] So far my husband loves this product. Hes the one with the green thumb in our household. Well be able to test it further once Spring season rolls around,syndicated reviews,14.21,5,0,0,0,Yes,[this review was collected as part of a promotion.] so far my husband loves this product. hes the one with the green thumb in our household. well be able to test it further once spring season rolls around,2022-02-01,38
11918,Garden,73581,"Earth Juice Plant Food, 32 oz.",https://www.walmart.com//ip/Earth-Juice-Plant-Food-32-oz/17694420?selected=true,Walmart,EarthJuice,17694420,17694420,Yes,2022-02-03T00:00:00,2022,2,5,works great!,"[This review was collected as part of a promotion.] The reason why I like this product is because after about one month from the initial use, I could definitely see a positive improvement in my garden!",syndicated reviews,18.98,5,0,0,0,Yes,"[this review was collected as part of a promotion.] the reason why i like this product is because after about one month from the initial use, i could definitely see a positive improvement in my garden!",2022-02-03,36
11919,Garden,73582,"Earth Juice Plant Food, 32 oz.",https://www.walmart.com//ip/Earth-Juice-Plant-Food-32-oz/17694606?selected=true,Walmart,EarthJuice,17694606,17694606,No,2022-02-05T00:00:00,2022,2,5,It keeps review,[This review was collected as part of a promotion.] I dont know why but it keeps asking me to review this in my snaps I have reviewed so many time I dont know more.to say,syndicated reviews,16.28,5,0,0,0,Yes,[this review was collected as part of a promotion.] i dont know why but it keeps asking me to review this in my snaps i have reviewed so many time i dont know more.to say,2022-02-05,35
11920,Garden,73583,"Earth Juice Plant Food, 32 oz.",https://www.walmart.com//ip/Earth-Juice-Plant-Food-32-oz/17694630?selected=true,Walmart,EarthJuice,17694630,17694630,Yes,2022-02-03T00:00:00,2022,2,5,works great!,"[This review was collected as part of a promotion.] The reason why I like this product is because after about one month from the initial use, I could definitely see a positive improvement in my garden!",syndicated reviews,24.2,5,0,0,0,Yes,"[this review was collected as part of a promotion.] the reason why i like this product is because after about one month from the initial use, i could definitely see a positive improvement in my garden!",2022-02-03,36
11921,Garden,73584,"Earth Juice Plant Food, 32 oz.",https://www.walmart.com//ip/Earth-Juice-Plant-Food-32-oz/17694642?selected=true,Walmart,EarthJuice,17694642,17694642,Yes,2022-02-14T00:00:00,2022,2,7,hmmmm,[This review was collected as part of a promotion.] I have not noticed any difference or improvement sadly. I actually had 1 plans die. idk if uts connected or not just full honest disclosure,syndicated reviews,15.57,3,0,0,0,Yes,[this review was collected as part of a promotion.] i have not noticed any difference or improvement sadly. i actually had 1 plans die. idk if uts connected or not just full honest disclosure,2022-02-14,34
11922,Garden,73585,"Earth Juice Plant Food, 32 oz.",https://www.walmart.com//ip/Earth-Juice-Plant-Food-32-oz/17694656?selected=true,Walmart,EarthJuice,17694656,17694656,Yes,2022-02-03T00:00:00,2022,2,5,works great!,"[This review was collected as part of a promotion.] The reason why I like this product is because after about one month from the initial use, I could definitely see a positive improvement in my garden!",syndicated reviews,18.98,5,0,0,0,Yes,"[this review was collected as part of a promotion.] the reason why i like this product is because after about one month from the initial use, i could definitely see a positive improvement in my garden!",2022-02-03,36
11923,Garden,73586,"Earth Juice Bloom Liquid Plant Food, 0-3-2 Fertilizer, 32 oz.",https://www.walmart.com//ip/Earth-Juice-Bloom-Liquid-Plant-Food-0-3-2-Fertilizer-32-oz/17694659?selected=true,Walmart,EarthJuice,17694659,17694659,No,2022-02-01T00:00:00,2022,2,5,so far so good,[This review was collected as part of a promotion.] So far this product is great but Id like to try it out again in the spring time to give an in depth review,syndicated reviews,14.28,5,0,0,0,Yes,[this review was collected as part of a promotion.] so far this product is great but id like to try it out again in the spring time to give an in depth review,2022-02-01,33
11965,Garden,73628,Hydro Organics HOJ07501 1-Pint Hydro Organics Earth Juice Microblast Plant Supplement,https://www.walmart.com//ip/Hydro-Organics-HOJ07501-1-Pint-Hydro-Organics-Earth-Juice-Microblast-Plant-Supplement/37139261?selected=true,Walmart,EarthJuice,37139261,37139261,Yes,2022-02-14T00:00:00,2022,2,7,hmmmm,[This review was collected as part of a promotion.] I have not noticed any difference or improvement sadly. I actually had 1 plans die. idk if uts connected or not just full honest disclosure,syndicated reviews,22.99,3,0,0,0,Yes,[this review was collected as part of a promotion.] i have not noticed any difference or improvement sadly. i actually had 1 plans die. idk if uts connected or not just full honest disclosure,2022-02-14,34
12029,Garden,73692,Earth Juice Rainbow Mix Pro Grow,https://www.walmart.com//ip/Earth-Juice-Rainbow-Mix-Pro-Grow/111069267?selected=true,Walmart,EarthJuice,111069267,111069267,Yes,2022-02-07T00:00:00,2022,2,6,this stuff works,[This review was collected as part of a promotion.] Im loving this plant food. It does however take a couple weeks to start getting new growth. Also my dogs are super attracted to it and want to eat it so definitely keep pets away and water it really good so there is not anything left on the dirt.,syndicated reviews,74.27,5,0,0,0,Yes,[this review was collected as part of a promotion.] im loving this plant food. it does however take a couple weeks to start getting new growth. also my dogs are super attracted to it and want to eat it so definitely keep pets away and water it really good so there is not anything left on the dirt.,2022-02-07,58
12033,Garden,73696,Earth Juice Sugar Peak Flowering 2-4-5 /5gal 100210039,https://www.walmart.com//ip/Earth-Juice-Sugar-Peak-Flowering-2-4-5-5gal-100210039/125105263?selected=true,Walmart,EarthJuice,125105263,125105263,Yes,2022-02-03T00:00:00,2022,2,5,works great!,"[This review was collected as part of a promotion.] The reason why I like this product is because after about one month from the initial use, I could definitely see a positive improvement in my garden!",syndicated reviews,130.08,5,0,0,0,Yes,"[this review was collected as part of a promotion.] the reason why i like this product is because after about one month from the initial use, i could definitely see a positive improvement in my garden!",2022-02-03,36
12034,Garden,73697,"Earth Juice Plant Food, 5 lbs",https://www.walmart.com//ip/Earth-Juice-Plant-Food-5-lbs/147730113?selected=true,Walmart,EarthJuice,147730113,147730113,Yes,2022-02-05T00:00:00,2022,2,5,it works !,[This review was collected as part of a promotion.] So far so good! I can definitely tell My plants are getting healthier brighter green and new growth. It took a few weeks before I could tell.,syndicated reviews,21.0,5,0,0,0,Yes,[this review was collected as part of a promotion.] so far so good! i can definitely tell my plants are getting healthier brighter green and new growth. it took a few weeks before i could tell.,2022-02-05,36
12035,Garden,73698,"Earth Juice Plant Food, 32 oz.",https://www.walmart.com//ip/Earth-Juice-Plant-Food-32-oz/151568755?selected=true,Walmart,EarthJuice,151568755,151568755,No,2022-02-03T00:00:00,2022,2,5,works great!,"[This review was collected as part of a promotion.] The reason why I like this product is because after about one month from the initial use, I could definitely see a positive improvement in my garden!",syndicated reviews,18.98,5,0,0,0,Yes,"[this review was collected as part of a promotion.] the reason why i like this product is because after about one month from the initial use, i could definitely see a positive improvement in my garden!",2022-02-03,36
12036,Garden,73699,"Earth Juice Rainbow Mix Pro Grow Plant Food, 8-6-3 Fertilizer, 5 lb.",https://www.walmart.com//ip/Earth-Juice-Rainbow-Mix-Pro-Grow-Plant-Food-8-6-3-Fertilizer-5-lb/153701256?selected=true,Walmart,EarthJuice,153701256,153701256,Yes,2022-02-07T00:00:00,2022,2,6,this stuff works,[This review was collected as part of a promotion.] Im loving this plant food. It does however take a couple weeks to start getting new growth. Also my dogs are super attracted to it and want to eat it so definitely keep pets away and water it really good so there is not anything left on the dirt.,syndicated reviews,25.99,5,0,0,0,Yes,[this review was collected as part of a promotion.] im loving this plant food. it does however take a couple weeks to start getting new growth. also my dogs are super attracted to it and want to eat it so definitely keep pets away and water it really good so there is not anything left on the dirt.,2022-02-07,58
12037,Garden,73700,"Earth Juice Plant Food, 32 oz.",https://www.walmart.com//ip/Earth-Juice-Plant-Food-32-oz/180068978?selected=true,Walmart,EarthJuice,180068978,180068978,No,2022-02-01T00:00:00,2022,2,5,So far this product,[This review was collected as part of a promotion.] So far this product is great but Id like to try it out again in the spring time to give an in depth review,syndicated reviews,18.4,5,0,0,0,Yes,[this review was collected as part of a promotion.] so far this product is great but id like to try it out again in the spring time to give an in depth review,2022-02-01,33
12349,Garden,74264,Earth Juice Grow Original Formula 1 Quart,https://www.walmart.com//ip/Earth-Juice-Grow-Plant-Food-2-1-0-Fertilizer-32-oz/17694413?selected=true,Walmart,EarthJuice,17694413,17694413,No,2022-02-26T00:00:00,2022,2,8,Growth tea,[This review was collected as part of a promotion.] This is a supplement for plants. This has minerals and vitamins to promote heath of a plant. Good for starting plants espcially spring is coming.,syndicated reviews,14.21,4,0,0,0,Yes,[this review was collected as part of a promotion.] this is a supplement for plants. this has minerals and vitamins to promote heath of a plant. good for starting plants espcially spring is coming.,2022-02-26,34
12381,Garden,74296,Earth Juice Rainbow Mix Pro Grow ,https://www.walmart.com//ip/Earth-Juice-Rainbow-Mix-Pro-Grow/111069267?selected=true,Walmart,EarthJuice,111069267,111069267,Yes,2022-02-25T00:00:00,2022,2,8,excited to try this this spring!,[This review was collected as part of a promotion.] Im not yet used this product but Im really looking forward to giving you to try this Spring Im seeing how its gonna work with my I want to have a beautiful lush garden and I know this will help me get there!,syndicated reviews,103.79,5,0,0,0,Yes,[this review was collected as part of a promotion.] im not yet used this product but im really looking forward to giving you to try this spring im seeing how its gonna work with my i want to have a beautiful lush garden and i know this will help me get there!,2022-02-25,52
12382,Garden,74297,Earth Juice Rainbow Mix Pro Grow ,https://www.walmart.com//ip/Earth-Juice-Rainbow-Mix-Pro-Grow-Plant-Food-8-6-3-Fertilizer-5-lb/153701256?selected=true,Walmart,EarthJuice,153701256,111069267,Yes,2022-02-25T00:00:00,2022,2,8,excited to try this this spring!,[This review was collected as part of a promotion.] Im not yet used this product but Im really looking forward to giving you to try this Spring Im seeing how its gonna work with my I want to have a beautiful lush garden and I know this will help me get there!,syndicated reviews,25.99,5,0,0,0,Yes,[this review was collected as part of a promotion.] im not yet used this product but im really looking forward to giving you to try this spring im seeing how its gonna work with my i want to have a beautiful lush garden and i know this will help me get there!,2022-02-25,52
12697,Garden,75165,Earth Juice Sugar Peak Vegetative 1 Quart,https://www.walmart.com//ip/Earth-Juice-Sugar-Peak-Vegetative-Plant-Food-3-1-5-Fertilizer-32-oz/17694630?selected=true,Walmart,EarthJuice,17694630,17694630,Yes,2022-03-01T00:00:00,2022,3,9,growing like crazy,[This review was collected as part of a promotion.] I have been using this on my plants here in florida and have noticed significant growth and overall improved health. I love that the product is formulated for growth and longevity. #earthjuice #greenthumb #lovewhereyoulive,syndicated reviews,24.2,4,0,0,0,Yes,[this review was collected as part of a promotion.] i have been using this on my plants here in florida and have noticed significant growth and overall improved health. i love that the product is formulated for growth and longevity. #earthjuice #greenthumb #lovewhereyoulive,2022-03-01,43
12698,Garden,75166,Earth Juice Sugar Peak Flowering ,https://www.walmart.com//ip/Earth-Juice-Plant-Food-32-oz/17694420?selected=true,Walmart,EarthJuice,17694420,17694420,Yes,2022-03-01T00:00:00,2022,3,9,amazing blooms,[This review was collected as part of a promotion.] I have been using this on my plants here in florida and have noticed significant growth and overall improved health. I love that the product is formulated for growth and longevity. #earthjuice #greenthumb #lovewhereyoulive,syndicated reviews,18.98,4,0,0,0,Yes,[this review was collected as part of a promotion.] i have been using this on my plants here in florida and have noticed significant growth and overall improved health. i love that the product is formulated for growth and longevity. #earthjuice #greenthumb #lovewhereyoulive,2022-03-01,43
12705,Garden,75173,Earth Juice Sugar Peak Transition ,https://www.walmart.com//ip/Earth-Juice-Plant-Food-32-oz/151568755?selected=true,Walmart,EarthJuice,151568755,151568755,No,2022-03-01T00:00:00,2022,3,9,excellent growth,[This review was collected as part of a promotion.] I have been using this on my plants here in florida and have noticed significant growth and overall improved health. I love that the product is formulated for growth and longevity. #earthjuice #greenthumb #lovewhereyoulive,syndicated reviews,18.98,4,0,0,0,Yes,[this review was collected as part of a promotion.] i have been using this on my plants here in florida and have noticed significant growth and overall improved health. i love that the product is formulated for growth and longevity. #earthjuice #greenthumb #lovewhereyoulive,2022-03-01,43
12723,Garden,75191,Earth Juice Sugar Peak Flowering 2-4-5 /5gal 100210039,https://www.walmart.com//ip/Earth-Juice-Sugar-Peak-Flowering-2-4-5-5gal-100210039/125105263?selected=true,Walmart,EarthJuice,125105263,17694656,Yes,2022-03-01T00:00:00,2022,3,9,blooms like crazy,[This review was collected as part of a promotion.] I have been using this on my plants here in florida and have noticed significant growth and overall improved health. I love that the product is formulated for growth and longevity. #earthjuice #greenthumb #lovewhereyoulive,syndicated reviews,130.08,4,0,0,0,Yes,[this review was collected as part of a promotion.] i have been using this on my plants here in florida and have noticed significant growth and overall improved health. i love that the product is formulated for growth and longevity. #earthjuice #greenthumb #lovewhereyoulive,2022-03-01,43
12724,Garden,75192,Earth Juice Sugar Peak Grand Finale ,https://www.walmart.com//ip/Earth-Juice-Plant-Food-32-oz/17694656?selected=true,Walmart,EarthJuice,17694656,17694656,Yes,2022-03-01T00:00:00,2022,3,9,blooms like crazy,[This review was collected as part of a promotion.] I have been using this on my plants here in florida and have noticed significant growth and overall improved health. I love that the product is formulated for growth and longevity. #earthjuice #greenthumb #lovewhereyoulive,syndicated reviews,18.98,4,0,0,0,Yes,[this review was collected as part of a promotion.] i have been using this on my plants here in florida and have noticed significant growth and overall improved health. i love that the product is formulated for growth and longevity. #earthjuice #greenthumb #lovewhereyoulive,2022-03-01,43
12897,Garden,76173,Earth Juice Rainbow Mix Pro Bloom,https://www.walmart.com//ip/Earth-Juice-Rainbow-Mix-Pro-Bloom-Plant-Food-2-14-2-Fertilizer-5-lb/147730113?selected=true,Walmart,EarthJuice,147730113,147730113,Yes,2022-03-09T00:00:00,2022,3,10,great product,"[This review was collected as part of a promotion.] This product was amazing and brought my plants to life. They were flowering and blooming when they normally look dead. If definitely had a consistency that made me nervous putting on plants, but it was great!",syndicated reviews,21.0,4,0,0,0,Yes,"[this review was collected as part of a promotion.] this product was amazing and brought my plants to life. they were flowering and blooming when they normally look dead. if definitely had a consistency that made me nervous putting on plants, but it was great!",2022-03-09,45
12933,Garden,76209,Earth Juice Sugar Peak Flowering ,https://www.walmart.com//ip/Earth-Juice-Sugar-Peak-Flowering-Plant-Food-2-4-5-Fertilizer-32-oz/17694420?selected=true,Walmart,EarthJuice,17694420,17694420,Yes,2022-03-07T00:00:00,2022,3,10,didnt notice difference,"[This review was collected as part of a promotion.] I didnt notice my houseplants flowering anymore than usual. Its nice to help give them a boost when they need it, but it didnt work for me",syndicated reviews,18.98,2,0,0,0,Yes,"[this review was collected as part of a promotion.] i didnt notice my houseplants flowering anymore than usual. its nice to help give them a boost when they need it, but it didnt work for me",2022-03-07,36
12946,Garden,76222,Earth Juice Rainbow Mix Pro Grow ,https://www.walmart.com//ip/Earth-Juice-Rainbow-Mix-Pro-Grow/111069267?selected=true,Walmart,EarthJuice,111069267,111069267,Yes,2022-03-09T00:00:00,2022,3,10,so wonderful,"[This review was collected as part of a promotion.] This product was amazing and brought my plants to life. They were flowering and blooming when they normally look dead. If definitely had a consistency that made me nervous putting on plants, but it was great!",syndicated reviews,74.27,4,0,0,0,Yes,"[this review was collected as part of a promotion.] this product was amazing and brought my plants to life. they were flowering and blooming when they normally look dead. if definitely had a consistency that made me nervous putting on plants, but it was great!",2022-03-09,45
12947,Garden,76223,Earth-Juice-Rainbow-Mix-Pro-Grow-Plant-Food-8-6-3-Fertilizer-5-lb,https://www.walmart.com//ip/Earth-Juice-Rainbow-Mix-Pro-Grow-Plant-Food-8-6-3-Fertilizer-5-lb/153701256?selected=true,Walmart,EarthJuice,153701256,111069267,Yes,2022-03-09T00:00:00,2022,3,10,so wonderful,"[This review was collected as part of a promotion.] This product was amazing and brought my plants to life. They were flowering and blooming when they normally look dead. If definitely had a consistency that made me nervous putting on plants, but it was great!",syndicated reviews,25.99,4,0,0,0,Yes,"[this review was collected as part of a promotion.] this product was amazing and brought my plants to life. they were flowering and blooming when they normally look dead. if definitely had a consistency that made me nervous putting on plants, but it was great!",2022-03-09,45
13334,Garden,78007,Earth Juice Hi- Brix ,https://www.amazon.com/dp/B005H79H9G,Amazon,EarthJuice,B005H79H9G,B005H79H9G,No,2022-03-23T00:00:00,2022,3,12,Product from Heaven,"If you dont understand why you use hi-brix, then thats why youre end result is disappointing",organic reviews,33.48,5,0,0,0,No,"if you dont understand why you use hi-brix, then thats why youre end result is disappointing",2022-03-23,16
13744,Garden,78417,Earth Juice Elements Bloom ,https://www.walmart.com//ip/Earth-Juice-Elements-Bloom-Plant-Food-0-16-16-Fertilizer-32-oz/17694414?selected=true,Walmart,EarthJuice,17694414,17694414,Yes,2022-03-24T00:00:00,2022,3,12,planting love,[This review was collected as part of a promotion.] This is easy to use and did work well for my succulents this winter. I normally dont use anything but was surprised with the results after trying it,syndicated reviews,27.6,4,0,0,0,Yes,[this review was collected as part of a promotion.] this is easy to use and did work well for my succulents this winter. i normally dont use anything but was surprised with the results after trying it,2022-03-24,37
14191,Garden,79408,Earth Juice Sugar Peak Vegetative 1 Quart,https://www.walmart.com//ip/Earth-Juice-Sugar-Peak-Vegetative-Plant-Food-3-1-5-Fertilizer-32-oz/17694630?selected=true,Walmart,EarthJuice,17694630,17694630,Yes,2022-03-28T00:00:00,2022,3,13,I definitely enjoyed trying,"[This review was collected as part of a promotion.] I definitely enjoyed trying something new out in the garden. These different products were a good additon. While I was able to try them out, I noticed growth and healthy looking plants!Its definitely a good try, if you are contemplating trying out.",syndicated reviews,24.2,4,0,0,0,Yes,"[this review was collected as part of a promotion.] i definitely enjoyed trying something new out in the garden. these different products were a good additon. while i was able to try them out, i noticed growth and healthy looking plants!its definitely a good try, if you are contemplating trying out.",2022-03-28,51
14722,Garden,90006,Earth Juice Hi- Brix ,https://www.amazon.com/dp/B005H79H9G,Amazon,EarthJuice,B005H79H9G,B005H79H9G,No,2022-04-13T00:00:00,2022,4,15,A VOLUME discount is the way to go,"Ok, for all who are speculating this. Yes, I bought it for ""soil enhancement"" in my legal to grow state. How does it compare to grocery store bought Black Strap Molasses? Well, its a bit thinner. Not as thick. Yes, I did taste it and it appears to taste just like regular molasses, so they didnt seem to do anything special to it. The ingredient label does not support extra ingredients either. I will say I paid $24 for this. Amazon has it now listing at $33.51. Either the seller jacked the price or Amazon jacked it for me. Black Strap for the Gal. is going for $22.60, so FYI on that. My plants appear to love it, so give me a ""thumbs up"" for this post and just know.... Ive told it like it is!!!!;-)",organic reviews,24.98,4,0,0,0,No,"ok, for all who are speculating this. yes, i bought it for ""soil enhancement"" in my legal to grow state. how does it compare to grocery store bought black strap molasses? well, its a bit thinner. not as thick. yes, i did taste it and it appears to taste just like regular molasses, so they didnt seem to do anything special to it. the ingredient label does not support extra ingredients either. i will say i paid $24 for this. amazon has it now listing at $33.51. either the seller jacked the price or amazon jacked it for me. black strap for the gal. is going for $22.60, so fyi on that. my plants appear to love it, so give me a ""thumbs up"" for this post and just know.... ive told it like it is!!!!;-)",2022-04-13,136
15389,Garden,90673,Earth Juice Elements Cal-N-Mag,https://www.walmart.com//ip/Earth-Juice-Elements-CAL-N-MAG-Plant-Food-3-0-0-Fertilizer-32-oz/103635752?selected=true,Walmart,EarthJuice,103635752,103635752,No,2022-04-16T00:00:00,2022,4,15,Made my roses bloom like crazy!,[This review was collected as part of a promotion.] I have to admit Im not actually the one that used the product but my husband. He planted a rose garden last year about this time so that he could bring me roses everyday. I have never seen Roses grow as quickly and bloom as much as these 20 rose bushes did and yes there were enough for him to bring me roses every single day. Now another family member lived with us who is a huge gardener and does a lot of landscape design and he has purchased a bottle of the same so that we can see how well it makes a difference with him and his plants. I dont have a green thumb at all but I definitely enjoy all the benefits. Wasnt sure when I got this one as a box box campaign but it definitely turned...,syndicated reviews,10.78,5,0,0,0,Yes,[this review was collected as part of a promotion.] i have to admit im not actually the one that used the product but my husband. he planted a rose garden last year about this time so that he could bring me roses everyday. i have never seen roses grow as quickly and bloom as much as these 20 rose bushes did and yes there were enough for him to bring me roses every single day. now another family member lived with us who is a huge gardener and does a lot of landscape design and he has purchased a bottle of the same so that we can see how well it makes a difference with him and his plants. i dont have a green thumb at all but i definitely enjoy all the benefits. wasnt sure when i got this one as a box box campaign but it definitely turned...,2022-04-16,150
16462,Garden,110036,Earth Juice Grow Original Formula 1 Gallon,https://www.amazon.com/dp/B000E242UI,Amazon,EarthJuice,B000E242UI,B000E242UI,No,2022-05-01T00:00:00,2022,5,17,"Been using Earth Juice since 1998, still love it",Ive been using Earth Juice as a regular fertilizer as well as part of a hydroponics solution for 24 years and its never let me down.,organic reviews,32.85,5,0,0,0,No,ive been using earth juice as a regular fertilizer as well as part of a hydroponics solution for 24 years and its never let me down.,2022-05-01,26
24130,Garden,140060,Earth Juice Hi- Brix ,https://www.amazon.com.com/dp/B005H79H9G,Amazon,EarthJuice,B005H79H9G,B005H79H9G,No,2022-06-07T00:00:00,2022,6,23,"Incredibly interesting, revitalized some plants, but...","Well, so I got this and it revitalizes a bunch of my plants that had almost gone dormant and literally nothing could do (Bird of Paradise, Peace Lily etc)However,When it came to Pothos, and I have quite a few of them, it was like a 50/50. 50% of them got better, and it KILLED 50% of them. Really not worth using on Pothos ever. AVOID FOR POTHOS.But for many others, its a godsend.",organic reviews,16.47,4,0,0,0,No,"well, so i got this and it revitalizes a bunch of my plants that had almost gone dormant and literally nothing could do (bird of paradise, peace lily etc)however,when it came to pothos, and i have quite a few of them, it was like a 50/50. 50% of them got better, and it killed 50% of them. really not worth using on pothos ever. avoid for pothos.but for many others, its a godsend.",2022-06-07,73
28118,Garden,150030,Earth Juice Hi- Brix ,https://www.walmart.com//ip/Earth-Juice-Hi-Brix-Molasses-Nutrient-Plant-Food-Fertilizer-1-Gallon/17694457?selected=true,Walmart,EarthJuice,17694457,17694457,No,2022-05-23T00:00:00,2022,5,21,Earth Juice Hi-Brix Molasses,"Earth Juice company has been around a long time! This Hi-Brix molasses is good for feeding the microbes in your soil, which in turn, feed your plants. I mostly use this E.J. Hi-Brix Molasses for making compost teas. The gallon jug will last you a long time. Plus, ""a little bit can go a long way"", and with this fertilizer, you do not want to overfeed with molasses (overfeeding with molasses can lead to ""lock up"" with your plants). Works good with my indoor and outdoor plants. Good for soil and hydroponic applications. Try this molasses out instead of buying Golden Barrel blackstrap molasses, you save some cash too.",organic reviews,24.87,5,0,0,0,No,"earth juice company has been around a long time! this hi-brix molasses is good for feeding the microbes in your soil, which in turn, feed your plants. i mostly use this e.j. hi-brix molasses for making compost teas. the gallon jug will last you a long time. plus, ""a little bit can go a long way"", and with this fertilizer, you do not want to overfeed with molasses (overfeeding with molasses can lead to ""lock up"" with your plants). works good with my indoor and outdoor plants. good for soil and hydroponic applications. try this molasses out instead of buying golden barrel blackstrap molasses, you save some cash too.",2022-05-23,109
28636,Garden,150549,Earth Juice Elements Cal-N-Mag,https://www.walmart.com//ip/Earth-Juice-Elements-CAL-N-MAG-Plant-Food-3-0-0-Fertilizer-32-oz/103635752?selected=true,Walmart,EarthJuice,103635752,103635752,No,2022-05-26T00:00:00,2022,5,21,EARTH JUICE Cal-N-Mag Plant Fertilizer,"Earth Juice products have been around a long time! Their cal-mag is another great product from them. I use it as a foliar spray (1/2 strength), and also hand fed through the soil. It works with my indoor and outdoor grows.  Many other Cal-mags products on the market have ""iron"" added. E.J. Cal-Mag does not have iron added to their formula (not derived from Kelp), but if you use a kelp or b-vitamin supplement (like SuperThrive), you will get iron from the kelp supplement you add to your fertilizer program. I purchased this E.J. Cal-Mag from Walmart Online (yes, I was also surprised Walmart Online sells ""Earth Juice"" products). For just under $12, I could not find another price online even close to how low Walmart had E.J. Cal-Mag pri...",organic reviews,30.0,5,0,0,0,No,"earth juice products have been around a long time! their cal-mag is another great product from them. i use it as a foliar spray (1/2 strength), and also hand fed through the soil. it works with my indoor and outdoor grows.  many other cal-mags products on the market have ""iron"" added. e.j. cal-mag does not have iron added to their formula (not derived from kelp), but if you use a kelp or b-vitamin supplement (like superthrive), you will get iron from the kelp supplement you add to your fertilizer program. i purchased this e.j. cal-mag from walmart online (yes, i was also surprised walmart online sells ""earth juice"" products). for just under $12, i could not find another price online even close to how low walmart had e.j. cal-mag pri...",2022-05-26,131
