,segment,review_id,product_name,producturl,retailer,brand,retailer_product_id,base_id,variants_flag,review_creation_date,year,month,week,review_title,review_text,review_type,price,rating,images,videos,helpful_votes,promotion_flag,review_lower,date,word_count,sentiment,cost,ease of use,effectiveness,efficiency,Unnamed: 31
4790,Garden,52479,AMDRO Fire Ant Bait 1lb,https://www.lowes.com/pd/AMDRO-1-lb-Fire-Ant-Bait/4573846,Lowes,Amdro,4573846,3006355,Yes,2021-08-31T00:00:00,2021,8,35,Try a little before you use the entire thing,It didnt work. The ants didnt even bother eating it.,organic reviews,10.07,1,0,0,0,No,it didnt work. the ants didnt even bother eating it.,2021-08-31,10,,,,,,
2772,Garden,24208,AMDRO Mouse Trap ,https://www.homedepot.com/p/AMDRO-Mouse-Trap-100534972/306335043,Homedepot,Amdro,306335043,306335043,No,2021-09-08T00:00:00,2021,9,36,Only one reason for not giving five stars,"This mouse trap works phenomenally! I had tried a few different types of traps last year and my peanut butter would disappear, but there were no mice. I bought this trap, and voila! Today, I heard a mouse in my basement ceiling. I set a trap early this evening and the problem is already resolved. The only reason I didnt give five stars is because I cant find replacement bands at the stores where the traps are sold. I dont need ten traps laying around my house, I just need more bands!",syndicated reviews,6.98,4,0,0,0,No,"this mouse trap works phenomenally! i had tried a few different types of traps last year and my peanut butter would disappear, but there were no mice. i bought this trap, and voila! today, i heard a mouse in my basement ceiling. i set a trap early this evening and the problem is already resolved. the only reason i didnt give five stars is because i cant find replacement bands at the stores where the traps are sold. i dont need ten traps laying around my house, i just need more bands!",2021-09-08,92,positive,,,1.0,1.0,
25874,Garden,141806,"AMDRO Quick Kill Carpenter Bee, Ant & Termite Killer Foam",http://www.homedepot.com/p/305448729,Homedepot,Amdro,305448910,305448729,Yes,2022-06-10T00:00:00,2022,6,23,Excellent product! I normally have to battle keeping carpenter bees...,"Excellent product! I normally have to battle keeping carpenter bees from digging their yearly tunnels, but this year I tried AMBRO and I have not seen a carpenter bee around my wooden fence since and I used this product in late April/early May. Thank you AMBRO for saving me the trouble of filling in those tunnels with steel wool and wooden dowels.",organic reviews,10.46,5,0,0,0,No,"excellent product! i normally have to battle keeping carpenter bees from digging their yearly tunnels, but this year i tried ambro and i have not seen a carpenter bee around my wooden fence since and i used this product in late april/early may. thank you ambro for saving me the trouble of filling in those tunnels with steel wool and wooden dowels.",2022-06-10,62,positive,,,1.0,,
18726,Garden,130119,AMDRO Quick Kill Mosquito Bombs,https://www.amazon.com/dp/B07G1YXZ9Y,Amazon,Amdro,B07G1YXZ9Y,B07G1YXZ9Y,No,2022-05-27T00:00:00,2022,5,21,Not killing larvae,Ive purchased these before and they have worked great. This batch is not working at all.,organic reviews,9.93,1,0,0,0,No,ive purchased these before and they have worked great. this batch is not working at all.,2022-05-27,16,negative,,,1.0,,
8656,Garden,68528,AMDRO Ant Block Home Perimeter Ant Bait,https://www.homedepot.com/p/AMDRO-12-oz-Ant-Block-Home-Perimeter-Ant-Killer-Bait-100099307/305448482,Homedepot,Amdro,305448482,100598633,Yes,2021-07-09T00:00:00,2021,7,27,Works great on all kinds of ants. Even takes out carpenter ants!,Works great on all kinds of ants. Even takes out carpenter ants!,organic reviews,8.62,5,0,0,1,No,works great on all kinds of ants. even takes out carpenter ants!,2021-07-09,12,positive,,,1.0,,
18948,Garden,130402,AMDRO Quick Kill Home Perimeter Insect Killer Granules 2lb,http://www.homedepot.com/p/305448975,Homedepot,Amdro,305448975,305448975,No,2022-05-12T00:00:00,2022,5,19,Easy to use.  Great price.....works well,Easy to use.  Great price.....works well,organic reviews,8.72,5,0,0,0,No,easy to use.  great price.....works well,2022-05-12,7,positive,1.0,1.0,1.0,,
2086,Garden,17867,AMDRO Gopher Gasser 6-pack,http://www.homedepot.com/p/t/203031283,Homedepot,Amdro,203031283,203031283,No,2021-06-10T00:00:00,2021,6,23,helped with most moles!,[This review was collected as part of a promotion.] I purchased the amdro gopher gasser to help with the mole issue in our yard. they are causing so many holes and destruction. The process was a bit tedious but I get why. there were a few good videos showing how to use the product and if helped me alot. most of the mole holes have stopped. happy to try and get my yard back!,syndicated reviews,7.91,4,0,0,0,Yes,[this review was collected as part of a promotion.] i purchased the amdro gopher gasser to help with the mole issue in our yard. they are causing so many holes and destruction. the process was a bit tedious but i get why. there were a few good videos showing how to use the product and if helped me alot. most of the mole holes have stopped. happy to try and get my yard back!,2021-06-10,74,positive,,1.0,1.0,,
24210,Garden,140140,AMDRO Ant Block Home Perimeter Ant Bait 24oz,https://www.amazon.com.com/dp/B000QDEQ7E,Amazon,Amdro,B000QDEQ7E,B000QDEQ7E,No,2022-06-06T00:00:00,2022,6,23,Spray is much better,Didnt appear to be effective,organic reviews,8.99,3,0,0,0,No,didnt appear to be effective,2022-06-06,5,negative,,,1.0,,
1898,Garden,14982,AMDRO Ant Block Home Perimeter Ant Bait 24oz,http://www.homedepot.com/p/t/100598633,Homedepot,Amdro,100598633,100598633,Yes,2021-08-14T00:00:00,2021,8,32,"Really works, easy to use...","Really works, easy to use",organic reviews,14.47,5,0,0,0,No,"really works, easy to use",2021-08-14,5,positive,,1.0,1.0,,
4882,Garden,55697,AMDRO Ant Block Home Perimeter Ant Bait 24oz,https://www.lowes.com/pd/AMDRO-Ant-Block-24-oz-Ant-Killer/1000044709,Lowes,Amdro,1000044709,1000044709,No,2021-08-08T00:00:00,2021,8,31,Any Block,I got this yesterday and put out around the house and pool decking. We had ants all in our kitchen and pool deck and patio. This morning I cant find a single ant!!!! Not even one. This stuff is amazing. Had to buy two for the house and need one more to go around my trees and along my driveway but its amazing,organic reviews,9.47,5,0,0,1,No,i got this yesterday and put out around the house and pool decking. we had ants all in our kitchen and pool deck and patio. this morning i cant find a single ant!!!! not even one. this stuff is amazing. had to buy two for the house and need one more to go around my trees and along my driveway but its amazing,2021-08-08,63,positive,,,1.0,1.0,
25621,Garden,141553,AMDRO Ant Block Home Perimeter Ant Bait 24oz,http://www.homedepot.com/p/100598633,Homedepot,Amdro,100598633,100598633,Yes,2022-06-23T00:00:00,2022,6,25,Works great kills ants...,Works great kills ants,organic reviews,14.27,5,0,0,0,No,works great kills ants,2022-06-23,4,positive,,,1.0,,
1943,Garden,15139,AMDRO Ant Block Home Perimeter Ant Bait 24oz,http://www.homedepot.com/p/t/100598633,Homedepot,Amdro,100598633,100598633,Yes,2021-08-13T00:00:00,2021,8,32,Get rid of my ants within the next day havent...,Get rid of my ants within the next day havent seen them since,organic reviews,14.47,5,0,0,0,No,get rid of my ants within the next day havent seen them since,2021-08-13,13,positive,,,1.0,1.0,
1940,Garden,15128,AMDRO Ant Block Home Perimeter Ant Bait 24oz,http://www.homedepot.com/p/t/100598633,Homedepot,Amdro,100598633,100598633,Yes,2021-07-27T00:00:00,2021,7,30,"I use Amdro all the time and it works great,...","I use Amdro all the time and it works great, however the ants this year are invasive and nothing Ive tried is getting rid of them.  It slows them down when I first put it down but within hours they are right back thick and heavy!",organic reviews,14.47,5,0,0,0,No,"i use amdro all the time and it works great, however the ants this year are invasive and nothing ive tried is getting rid of them.  it slows them down when i first put it down but within hours they are right back thick and heavy!",2021-07-27,47,negative,,,,1.0,
288,Garden,2741,AMDRO Ant Block Home Perimeter Ant Bait 24oz,https://www.amazon.com/dp/B000QDEQ7E,Amazon,Amdro,B000QDEQ7E,B000QDEQ7E,No,2021-09-20T00:00:00,2021,9,38,"Followed directions, still have ants.",Followed directions; still have ants. No improvement. Didnt work.,organic reviews,14.47,1,0,0,0,No,followed directions; still have ants. no improvement. didnt work.,2021-09-20,9,negative,,,,,
1926,Garden,15086,AMDRO Ant Block Home Perimeter Ant Bait 24oz,http://www.homedepot.com/p/t/100598633,Homedepot,Amdro,100598633,100598633,Yes,2021-10-06T00:00:00,2021,10,40,Reliable Ant Control,"Ive purchased this for years, first when I was living in Minnesota then Tennessee, and this product never fails me. It kills the entire colony quickly, and keeps my home from being infested in the first place, so no need for indoor ant killers when I use it as perimeter defense.",organic reviews,14.47,5,0,0,0,No,"ive purchased this for years, first when i was living in minnesota then tennessee, and this product never fails me. it kills the entire colony quickly, and keeps my home from being infested in the first place, so no need for indoor ant killers when i use it as perimeter defense.",2021-10-06,51,positive,,,1.0,,
28346,Garden,150258,AMDRO Ant Killing Bait 4-Pk,https://www.walmart.com//ip/Amdro-Ant-Killer-Indoor-and-Outdoor-Bait-Stations-Multi-pack-4-Count/627169039?selected=true,Walmart,Amdro,627169039,953884416,Yes,2022-06-13T00:00:00,2022,6,24,Not worked at all for the ants!,"It didnt work at all. Ants walked by and didnot enter in it. I put 4 pieces in kitchen but nothing changed . I baked a cake at night and it was hot so I put it in microwave with an ant trap nearby. In the next morning, I was shocked with millions of ants in the cake. It was frustrating!So I returned it back.",organic reviews,3.22,1,0,0,0,No,"it didnt work at all. ants walked by and didnot enter in it. i put 4 pieces in kitchen but nothing changed . i baked a cake at night and it was hot so i put it in microwave with an ant trap nearby. in the next morning, i was shocked with millions of ants in the cake. it was frustrating!so i returned it back.",2022-06-13,65,negative,,,1.0,1.0,
2526,Garden,22087,AMDRO Ant Killing Bait 4-Pk,http://www.homedepot.com/p/t/307855811,Homedepot,Amdro,307855811,307855811,Yes,2021-07-17T00:00:00,2021,7,28,works great!,[This review was collected as part of a promotion.] Worked great on ants in the kitchen. I had tried home made baits but it was getting messy and the ants were getting picky. This took care of the problem after a week.,syndicated reviews,2.97,5,0,0,0,Yes,[this review was collected as part of a promotion.] worked great on ants in the kitchen. i had tried home made baits but it was getting messy and the ants were getting picky. this took care of the problem after a week.,2021-07-17,42,positive,,,1.0,1.0,
2263,Garden,19132,AMDRO Quick Kill Home Perimeter Insect Killer Granules 2lb,http://www.homedepot.com/p/t/305448975,Homedepot,Amdro,305448975,305448975,No,2021-10-05T00:00:00,2021,10,40,Does what the exterminator does at less than 1/10th the...,Does what the exterminator does at less than 1/10th the price!  I just dust the entire perimeter of the house once every three months.  I rarely see ants of any kind indoors anymore.,organic reviews,6.6,5,0,0,0,No,does what the exterminator does at less than 1/10th the price!  i just dust the entire perimeter of the house once every three months.  i rarely see ants of any kind indoors anymore.,2021-10-05,35,positive,1.0,,1.0,,
25835,Garden,141767,"1 Gal. Quick Kill Carpenter Bee, Ant, and Termite Killer Ready-to-Use",http://www.homedepot.com/p/305448729,Homedepot,Amdro,305448789,305448729,Yes,2022-06-30T00:00:00,2022,6,26,We have a lot of carpenter bee in our backyard...,We have a lot of carpenter bee in our backyard and damaging our deck. This foam works amazing.,organic reviews,18.5,5,0,0,0,No,we have a lot of carpenter bee in our backyard and damaging our deck. this foam works amazing.,2022-06-30,18,positive,,,1.0,,
24163,Garden,140093,AMDRO Ant Block Home Perimeter Ant Bait 24oz,https://www.amazon.com.com/dp/B000QDEQ7E,Amazon,Amdro,B000QDEQ7E,B000QDEQ7E,No,2022-06-30T00:00:00,2022,6,26,Ant killer,This stuff really works!!,organic reviews,8.99,5,0,0,0,No,this stuff really works!!,2022-06-30,4,positive,,,1.0,,
23537,Garden,135611,AMDRO Quick Kill Lawn Insect Killer 10lb,https://www.lowes.com/pd/AMDRO-Quick-Kill-Outdoor-10-lb-Lawn-Insect-Control/999956666,Lowes,Amdro,999956666,999990210,Yes,2022-05-31T00:00:00,2022,5,22,waste of money,used 2 bags on a smaller than required area. a week before getting ready prior to a backyard slip and slide party. new ant hills still popped up daily.,organic reviews,9.48,1,0,0,0,No,used 2 bags on a smaller than required area. a week before getting ready prior to a backyard slip and slide party. new ant hills still popped up daily.,2022-05-31,29,negative,,,1.0,1.0,
2064,Garden,17536,AMDRO Gopher Gasser 6-pack,http://www.homedepot.com/p/t/203031283,Homedepot,Amdro,203031283,203031283,No,2021-07-04T00:00:00,2021,7,26,Great product for a,[This review was collected as part of a promotion.] Great product for a good price. I want to explore more of the other item this bran has to offer.,syndicated reviews,7.91,5,0,0,0,Yes,[this review was collected as part of a promotion.] great product for a good price. i want to explore more of the other item this bran has to offer.,2021-07-04,29,positive,1.0,,1.0,,
28344,Garden,150256,AMDRO Ant Killing Bait 4-Pk,https://www.walmart.com//ip/Amdro-Ant-Killer-Indoor-and-Outdoor-Bait-Stations-Multi-pack-4-Count/627169039?selected=true,Walmart,Amdro,627169039,953884416,Yes,2022-06-24T00:00:00,2022,6,25,Dont waste your money!,"Does NOT work for sugar/grease ants! Had 4 bait sets placed in path of ant line for 2 weeks and they didnt enter or pay attention to the traps. In fact, the ant population continued to grow. I even experimented opening one of the traps and placing a small amount of sugar on the bait and placed some ants onto it. Still did not work (ineffective at least on sugar ants). I ended up spraying w/Ortho ant spray to get rid of them.",organic reviews,3.22,1,0,0,0,No,"does not work for sugar/grease ants! had 4 bait sets placed in path of ant line for 2 weeks and they didnt enter or pay attention to the traps. in fact, the ant population continued to grow. i even experimented opening one of the traps and placing a small amount of sugar on the bait and placed some ants onto it. still did not work (ineffective at least on sugar ants). i ended up spraying w/ortho ant spray to get rid of them.",2022-06-24,83,negative,,,1.0,1.0,
8619,Garden,68491,AMDRO Fire Ant Bait,https://www.homedepot.com/p/AMDRO-1-lb-Fire-Ant-Killer-Bait-100099070/100327315,Homedepot,Amdro,100327315,305448173,Yes,2021-11-16T00:00:00,2021,11,46,And they lived.. and kept moving and multiplying.   The Amdro didnt phase them.,Fire Ants Laughed at me,organic reviews,14.36,3,0,0,0,No,fire ants laughed at me,2021-11-16,5,negative,,,1.0,,
354,Garden,3077,AMDRO Ant Block Home Perimeter Ant Bait 24oz,https://www.amazon.com/dp/B000QDEQ7E,Amazon,Amdro,B000QDEQ7E,B000QDEQ7E,No,2021-06-28T00:00:00,2021,6,26,Works,"Put this stuff down not expecting much as my yard was covered in ant hills. Within 72 hours they are all gone. Seriously, this stuff is amazing. Im stocking up in case any come back",organic reviews,14.47,5,0,0,0,No,"put this stuff down not expecting much as my yard was covered in ant hills. within 72 hours they are all gone. seriously, this stuff is amazing. im stocking up in case any come back",2021-06-28,35,positive,,,1.0,,
750,Garden,5128,AMDRO Kills Fire Ants Yard Treatment Bait 5lb,https://www.amazon.com/dp/B00FN3GOX6,Amazon,Amdro,B00FN3GOX6,B00FN3GOX6,No,2021-10-30T00:00:00,2021,10,43,Works great. Easy to apply.,Easy application works great!,organic reviews,22.68,5,0,0,0,No,easy application works great!,2021-10-30,4,positive,,1.0,1.0,,
24219,Garden,140149,AMDRO Ant Block Home Perimeter Ant Bait 24oz,https://www.amazon.com.com/dp/B000QDEQ7E,Amazon,Amdro,B000QDEQ7E,B000QDEQ7E,No,2022-06-02T00:00:00,2022,6,22,Great Product,This was my second order of this ant killer because it simply works! I sprinkle it on in the evening and traffic in my multiple ant subdivisions are greatly reduced the next day and complete ghost towns by day two. Its super easy to apply and there is no disgusting smell. And as I said it just plain works!,organic reviews,0.0,5,0,0,0,No,this was my second order of this ant killer because it simply works! i sprinkle it on in the evening and traffic in my multiple ant subdivisions are greatly reduced the next day and complete ghost towns by day two. its super easy to apply and there is no disgusting smell. and as i said it just plain works!,2022-06-02,59,positive,,1.0,1.0,,
625,Garden,4334,AMDRO Quick Kill Mosquito Bombs,https://www.amazon.com/dp/B07G1YXZ9Y,Amazon,Amdro,B07G1YXZ9Y,B07G1YXZ9Y,No,2021-07-20T00:00:00,2021,7,29,Excellent! We have had no problems with mosquitos during this unusually wet summer!,Used the product in fountains and saucers for pots! Very easy to use and non-toxic for pets and people!,organic reviews,5.99,5,0,0,0,No,used the product in fountains and saucers for pots! very easy to use and non-toxic for pets and people!,2021-07-20,19,positive,,1.0,,,
18730,Garden,130124,AMDRO Mouse Trap ,https://www.amazon.com/dp/B07L4B3B38,Amazon,Amdro,B07L4B3B38,B07L4B3B38,No,2022-05-15T00:00:00,2022,5,19,WORKS!!! Best trap ever! No mess to clean up!,"This is the best trap I have ever used to get mice. The Trap is easy to set, and no cleanup of blood or anything from the mice other than it being dead. No poisoning to worry about either.We use peanut butter as bait.We just ordered 5 more, living in the country you have the mice.Thank you for making a great trap!",organic reviews,6.98,5,0,0,0,No,"this is the best trap i have ever used to get mice. the trap is easy to set, and no cleanup of blood or anything from the mice other than it being dead. no poisoning to worry about either.we use peanut butter as bait.we just ordered 5 more, living in the country you have the mice.thank you for making a great trap!",2022-05-15,62,positive,,1.0,1.0,,
334,Garden,2936,AMDRO Ant Block Home Perimeter Ant Bait 24oz,https://www.amazon.com/dp/B000QDEQ7E,Amazon,Amdro,B000QDEQ7E,B000QDEQ7E,No,2021-07-07T00:00:00,2021,7,27,Easy to use,Keeps the bugs away,organic reviews,14.47,4,0,0,0,No,keeps the bugs away,2021-07-07,4,positive,,,1.0,,
309,Garden,2834,AMDRO Ant Block Home Perimeter Ant Bait 24oz,https://www.amazon.com/dp/B000QDEQ7E,Amazon,Amdro,B000QDEQ7E,B000QDEQ7E,No,2021-06-08T00:00:00,2021,6,23,Worked great.,Poured it on some ant hills and they were all dead and gone within a couple days.,organic reviews,14.47,5,0,0,0,No,poured it on some ant hills and they were all dead and gone within a couple days.,2021-06-08,17,positive,,,1.0,1.0,
10434,Garden,72026,AMDRO Ant Block Home Perimeter Ant Bait 24oz,https://www.amazon.com/dp/B000QDEQ7E,Amazon,Amdro,B000QDEQ7E,B000QDEQ7E,No,2022-01-26T00:00:00,2022,1,4,TLDR: THE solution for an ant problem,"Product works absolutely perfectly, I had ants in my yard with a very large colony spread from front to back yard of both red and black ants, after putting Amdro AntBlock around the perimeter of my property and onto the nest entrances, for the first 3 days we noticed increased ant activity as the poison is also a bait, This attracts the ants, But after 3 days the poison has made its way into the food supply for the anthill and ideally will kill its queen, causing the colony to collapse, After two weeks we no longer saw ANY ants, treatment lasts about one year as well, As with all pesticides or other household chemicals be sure to thoroughly read any and all information and warnings on the package before using",organic reviews,14.96,5,0,0,0,No,"product works absolutely perfectly, i had ants in my yard with a very large colony spread from front to back yard of both red and black ants, after putting amdro antblock around the perimeter of my property and onto the nest entrances, for the first 3 days we noticed increased ant activity as the poison is also a bait, this attracts the ants, but after 3 days the poison has made its way into the food supply for the anthill and ideally will kill its queen, causing the colony to collapse, after two weeks we no longer saw any ants, treatment lasts about one year as well, as with all pesticides or other household chemicals be sure to thoroughly read any and all information and warnings on the package before using",2022-01-26,131,positive,,,1.0,1.0,
4892,Garden,56024,AMDRO Quick Kill Outdoor Insect Killer RTS 32oz,https://www.lowes.com/pd/AMDRO-Quick-Kill-Outdoor-Insect-Killer-32-fl-oz-Insect-Killer/999990202,Lowes,Amdro,999990202,999990202,No,2021-09-02T00:00:00,2021,9,35,ant power,We must have differ kind of ants in the south you have never heard of. I mixed 6oz per gallon and sprayed real heavy and next day sprayed again. they are still there even four days with no rain,organic reviews,8.37,1,0,0,0,No,we must have differ kind of ants in the south you have never heard of. i mixed 6oz per gallon and sprayed real heavy and next day sprayed again. they are still there even four days with no rain,2021-09-02,39,negative,,,1.0,1.0,
20052,Garden,131651,AMDRO Ant Block Home Perimeter Ant Bait 24oz,http://www.homedepot.com/p/100598633,Homedepot,Amdro,100598633,100598633,Yes,2022-05-14T00:00:00,2022,5,19,Easy to use.  I start early in April once...,Easy to use.  I start early in April once its warm. And then follow the directions for reapplication.  Never had an ant problem.  Hoorah!,organic reviews,14.27,5,0,0,0,No,easy to use.  i start early in april once its warm. and then follow the directions for reapplication.  never had an ant problem.  hoorah!,2022-05-14,27,positive,,1.0,1.0,,
1952,Garden,15181,AMDRO Ant Block Home Perimeter Ant Bait 24oz,http://www.homedepot.com/p/t/100598633,Homedepot,Amdro,100598633,100598633,Yes,2021-07-14T00:00:00,2021,7,28,I have bought two types of ant blocks. This one works much much much better than the other liquid...,"I have bought two types of ant blocks. This one works much much much better than the other liquid one. I spread it around my house, the next day all the ants were gone. Thank you very much for producing and selling this product!!!",organic reviews,14.47,5,0,0,0,No,"i have bought two types of ant blocks. this one works much much much better than the other liquid one. i spread it around my house, the next day all the ants were gone. thank you very much for producing and selling this product!!!",2021-07-14,44,positive,,,1.0,1.0,
493,Garden,3799,AMDRO Ant Block Home Perimeter Ant Bait 24oz,https://www.amazon.com/dp/B000QDEQ7E,Amazon,Amdro,B000QDEQ7E,B000QDEQ7E,No,2021-11-15T00:00:00,2021,11,46,Garbage,Didnt work at all. Complete waste of money-even used multiple times and followed directions to a T.,organic reviews,14.47,1,0,0,0,No,didnt work at all. complete waste of money-even used multiple times and followed directions to a t.,2021-11-15,17,negative,1.0,,,,
1961,Garden,15221,AMDRO Ant Block Home Perimeter Ant Bait 24oz,http://www.homedepot.com/p/t/100598633,Homedepot,Amdro,100598633,100598633,Yes,2021-07-18T00:00:00,2021,7,28,Keeps the ants away!,[This review was collected as part of a promotion.] I get ants every year as spring starts so I was so excited to try this product. I didnt know how well it would work but I was very pleasantly surprised. We used it by our kitchen window and door and have not seen one any since! I am so happy I was given this product to test out and it worked to get rid of those nasty annoying ants that always try to sneak into my kitchen for a snack. Im guarded and ready now!,syndicated reviews,14.47,5,0,0,0,Yes,[this review was collected as part of a promotion.] i get ants every year as spring starts so i was so excited to try this product. i didnt know how well it would work but i was very pleasantly surprised. we used it by our kitchen window and door and have not seen one any since! i am so happy i was given this product to test out and it worked to get rid of those nasty annoying ants that always try to sneak into my kitchen for a snack. im guarded and ready now!,2021-07-18,95,positive,,,1.0,,
1901,Garden,14990,AMDRO Ant Block Home Perimeter Ant Bait 24oz,http://www.homedepot.com/p/t/100598633,Homedepot,Amdro,100598633,100598633,Yes,2021-06-09T00:00:00,2021,6,23,"This proxy is very good, my husband sprinkle all around the house and in areas you can see the an...","This proxy is very good, my husband sprinkle all around the house and in areas you can see the ants within 24hours they were gone",organic reviews,14.47,5,0,0,0,No,"this proxy is very good, my husband sprinkle all around the house and in areas you can see the ants within 24hours they were gone",2021-06-09,25,positive,,,1.0,1.0,
7718,Garden,67590,AMDRO Quick Kill Mosquito Bombs,https://www.walmart.com//ip/Amdro-Quick-Kill-Mosquito-Bombs-Larvicide-Treatment-6pk/858348984?selected=true,Walmart,Amdro,858348984,858348984,No,2021-06-16T00:00:00,2021,6,24,Failure waste of money,"Put one disk in a 5 gallon bucket and 5, 7 ,9 and 14daiys later the bucket had 50 or more mosquitoes large still in the water. This product is a failure and a waste of money",organic reviews,5.99,1,0,0,0,No,"put one disk in a 5 gallon bucket and 5, 7 ,9 and 14daiys later the bucket had 50 or more mosquitoes large still in the water. this product is a failure and a waste of money",2021-06-16,37,negative,1.0,,,1.0,
2241,Garden,18797,"AMDRO Quick Kill Carpenter Bee, Ant & Termite Killer Foam",http://www.homedepot.com/p/t/305448910,Homedepot,Amdro,305448910,305448729,Yes,2021-07-08T00:00:00,2021,7,27,This really worked. The carpenter bees were in the trim of the house. I could not see the entry h...,This really worked. The carpenter bees were in the trim of the house. I could not see the entry holes of where the bees were going. I just spayed this in the area and it foamed up. Worked great. No more bees.,organic reviews,8.96,5,0,0,0,No,this really worked. the carpenter bees were in the trim of the house. i could not see the entry holes of where the bees were going. i just spayed this in the area and it foamed up. worked great. no more bees.,2021-07-08,42,positive,,,1.0,,
24218,Garden,140148,AMDRO Ant Block Home Perimeter Ant Bait 24oz,https://www.amazon.com.com/dp/B000QDEQ7E,Amazon,Amdro,B000QDEQ7E,B000QDEQ7E,No,2022-06-02T00:00:00,2022,6,22,It works!!,Used for Ants outside. Before they came onside!,organic reviews,0.0,5,0,0,0,No,used for ants outside. before they came onside!,2022-06-02,8,positive,,,1.0,,
13059,Garden,77098,AMDRO Ant Block Home Perimeter Ant Bait 24oz,http://www.homedepot.com/p/100598633,Homedepot,Amdro,100598633,100598633,Yes,2022-03-15T00:00:00,2022,3,11,The best I have seen.,"Every year I have problem ants, and every year this stuff handles it. I sprinkle the perimeter of my home and spot treat fire ant mounds. The bait platform ensures the ants kill themselves instead of having to wait for them to wander over a strip of poison they may avoid or might wash away.Ive had mixed results after rain. My best results were on the second sunny day after a rain.",organic reviews,15.97,5,0,0,0,No,"every year i have problem ants, and every year this stuff handles it. i sprinkle the perimeter of my home and spot treat fire ant mounds. the bait platform ensures the ants kill themselves instead of having to wait for them to wander over a strip of poison they may avoid or might wash away.ive had mixed results after rain. my best results were on the second sunny day after a rain.",2022-03-15,72,positive,,,1.0,1.0,
7704,Garden,67576,"AMDRO Quick Kill Carpenter Bee, Ant & Termite Killer Foam",https://www.walmart.com//ip/Amdro-Quick-Kill-Carpenter-Bee-Carpenter-Ant-Termite-Killer-Foam-18-ounces/716388154?selected=true,Walmart,Amdro,716388154,716388154,No,2021-06-06T00:00:00,2021,6,22,Foam,"[This review was collected as part of a promotion.] This product is a foam consistency, which can be useful and long lasting. I prefer sprays that dry quickly because of pets and children. I think this would take care of ants very well and would quickly kill on contact.",organic reviews,10.48,4,0,0,0,Yes,"[this review was collected as part of a promotion.] this product is a foam consistency, which can be useful and long lasting. i prefer sprays that dry quickly because of pets and children. i think this would take care of ants very well and would quickly kill on contact.",2021-06-06,49,positive,,,1.0,1.0,
10609,Garden,72201,"AMDRO Quick Kill Carpenter Bee, Ant & Termite Killer Foam",http://www.homedepot.com/p/305448729,Homedepot,Amdro,305448910,305448729,Yes,2022-01-06T00:00:00,2022,1,1,got to love boric acid.  death to la cockaroches!...,got to love boric acid.  death to la cockaroches! and termites!,organic reviews,10.33,5,0,0,0,No,got to love boric acid.  death to la cockaroches! and termites!,2022-01-06,12,positive,,,1.0,,
20684,Garden,132361,"AMDRO Quick Kill Carpenter Bee, Ant & Termite Killer Concentrate 32oz",http://www.homedepot.com/p/305448729,Homedepot,Amdro,305448729,305448729,Yes,2022-05-19T00:00:00,2022,5,20,Dont waste your money.,Doesnt work. Did not kill one carpenter bee. Waste of money!,organic reviews,13.82,1,0,0,0,No,doesnt work. did not kill one carpenter bee. waste of money!,2022-05-19,11,negative,1.0,,1.0,,
15618,Garden,100213,1 lb. Fire Ant Killer Bait,https://www.homedepot.com/p/AMDRO-6-oz-Fire-Ant-Killer-Bait-100099058/305448173,Homedepot,Amdro,100327315,305448173,Yes,2022-04-19T00:00:00,2022,4,16,always a satisfied result,great product and price,organic reviews,14.36,5,0,0,0,No,great product and price,2022-04-19,4,positive,1.0,,,,
24208,Garden,140138,AMDRO Ant Block Home Perimeter Ant Bait 24oz,https://www.amazon.com.com/dp/B000QDEQ7E,Amazon,Amdro,B000QDEQ7E,B000QDEQ7E,No,2022-06-07T00:00:00,2022,6,23,Works great,Amdro works great gets rid of ants,organic reviews,8.99,5,0,0,0,No,amdro works great gets rid of ants,2022-06-07,7,positive,,,1.0,,
1907,Garden,15008,AMDRO Ant Block Home Perimeter Ant Bait 24oz,http://www.homedepot.com/p/t/100598633,Homedepot,Amdro,100598633,100598633,Yes,2021-09-13T00:00:00,2021,9,37,Did nothing.  Literally nothing.,"This did exactly nothing to the ants.  Im about 5 miles East of DT Los Angeles, and we have tiny black ants.  They ignored this like it wasnt even there.  Honestly, this isnt necessarily any worse than most products Ive tried.  The ants here dont care about sweets or sugar, they want protein and fat, like pet food.  I had pretty good success with a similar type treatment about 7 or 8 years ago that you spread on and water in.  But I dont remember what it was!  I wish I knew, because this year the ants have come HARD.",organic reviews,14.47,1,0,0,0,No,"this did exactly nothing to the ants.  im about 5 miles east of dt los angeles, and we have tiny black ants.  they ignored this like it wasnt even there.  honestly, this isnt necessarily any worse than most products ive tried.  the ants here dont care about sweets or sugar, they want protein and fat, like pet food.  i had pretty good success with a similar type treatment about 7 or 8 years ago that you spread on and water in.  but i dont remember what it was!  i wish i knew, because this year the ants have come hard.",2021-09-13,107,negative,,,1.0,,
9399,Garden,70096,AMDRO Ant Block Home Perimeter Ant Bait 24oz,https://www.amazon.com/dp/B000QDEQ7E,Amazon,Amdro,B000QDEQ7E,B000QDEQ7E,No,2021-12-02T00:00:00,2021,12,48,Best ive found,Ive used this for years. Works and works FAST THE BEST,organic reviews,14.47,5,0,0,0,No,ive used this for years. works and works fast the best,2021-12-02,11,positive,,,1.0,1.0,
429,Garden,3493,AMDRO Ant Block Home Perimeter Ant Bait 24oz,https://www.amazon.com/dp/B000QDEQ7E,Amazon,Amdro,B000QDEQ7E,B000QDEQ7E,No,2021-08-31T00:00:00,2021,8,35,Mala inversin,No lo llevan las hormigas,organic reviews,14.47,1,0,0,0,No,no lo llevan las hormigas,2021-08-31,5,positive,,,,,
9396,Garden,70093,AMDRO Ant Block Home Perimeter Ant Bait 24oz,https://www.amazon.com/dp/B000QDEQ7E,Amazon,Amdro,B000QDEQ7E,B000QDEQ7E,No,2021-12-02T00:00:00,2021,12,48,Great to kill ants,"I will definitely recommend this item, it is a must for ant invasion.",organic reviews,14.47,5,0,0,0,No,"i will definitely recommend this item, it is a must for ant invasion.",2021-12-02,13,positive,,,1.0,,
4875,Garden,55586,AMDRO Ant Block Home Perimeter Ant Bait 24oz,https://www.lowes.com/pd/AMDRO-Ant-Block-24-oz-Ant-Killer/1000044709,Lowes,Amdro,1000044709,1000044709,No,2021-09-02T00:00:00,2021,9,35,Works like a charm,"I was surprised at how quickly it got rid of the ants, highly recommend it!",organic reviews,9.47,5,0,0,1,No,"i was surprised at how quickly it got rid of the ants, highly recommend it!",2021-09-02,15,positive,,,1.0,1.0,
593,Garden,4255,AMDRO Ant Block Home Perimeter Ant Bait 24oz,https://www.amazon.com/dp/B000QDEQ7E,Amazon,Amdro,B000QDEQ7E,B000QDEQ7E,No,2021-09-03T00:00:00,2021,9,35,Fast Acting,Ive used item in the past. Easy to use and it takes care of the problem quickly.,organic reviews,14.47,5,0,0,0,No,ive used item in the past. easy to use and it takes care of the problem quickly.,2021-09-03,17,positive,,1.0,1.0,1.0,
8751,Garden,68623,AMDRO Ant Block Home Perimeter Ant Bait,https://www.homedepot.com/p/AMDRO-12-oz-Ant-Block-Home-Perimeter-Ant-Killer-Bait-100099307/305448482,Homedepot,Amdro,305448482,100598633,Yes,2021-07-29T00:00:00,2021,7,30,The ants ignored this stuff...,The ants ignored this stuff,organic reviews,8.62,1,0,0,0,No,the ants ignored this stuff,2021-07-29,5,negative,,,1.0,,
458,Garden,3639,AMDRO Ant Block Home Perimeter Ant Bait 24oz,https://www.amazon.com/dp/B000QDEQ7E,Amazon,Amdro,B000QDEQ7E,B000QDEQ7E,No,2021-07-14T00:00:00,2021,7,28,Worked as expected,Put in my rocks around my deck to eliminate ants.,organic reviews,14.47,5,0,0,0,No,put in my rocks around my deck to eliminate ants.,2021-07-14,10,positive,,,1.0,,
514,Garden,3892,AMDRO Ant Block Home Perimeter Ant Bait 24oz,https://www.amazon.com/dp/B000QDEQ7E,Amazon,Amdro,B000QDEQ7E,B000QDEQ7E,No,2021-06-06T00:00:00,2021,6,22,Wow !!!,This stuff is no joke. The ants came out all over the yard and stated taking the stuff back to there home. Dont see as much now,organic reviews,14.47,5,0,0,0,No,this stuff is no joke. the ants came out all over the yard and stated taking the stuff back to there home. dont see as much now,2021-06-06,27,positive,,,1.0,,
15325,Garden,90609,AMDRO Ant Block Home Perimeter Ant Bait 24oz,https://www.walmart.com//ip/Amdro-Ant-Block-Home-Perimeter-Ant-Bait-and-Ant-Killer-24-Ounce/16795323?selected=true,Walmart,Amdro,16795323,16795323,No,2022-04-15T00:00:00,2022,4,15,Kills the carpenter ants quick,Easy to use and gets rid of Carpenter ants quickly. Just sprinkle around house or anywhere and they find it a disappear,organic reviews,14.27,5,0,0,0,No,easy to use and gets rid of carpenter ants quickly. just sprinkle around house or anywhere and they find it a disappear,2022-04-15,22,positive,,,1.0,1.0,
4789,Garden,52443,AMDRO Fire Ant Bait 1lb,https://www.lowes.com/pd/AMDRO-1-lb-Fire-Ant-Bait/4573846,Lowes,Amdro,4573846,3006355,Yes,2021-08-31T00:00:00,2021,8,35,It works to control fire ants.,It works!!! We use it to control the fire ants in our yard. In Georgia you can only control fire ants you can not eliminate them. We ran out of this AMDRO Fire Ant Killer. I could not get to Lowes for about a month. The ant hills grew in size and number. Finally I got some from Lowes and they are back under control. Sprinkle it on and around the mound. The ants take the bait into the mound right away. Soon no more ants.,organic reviews,10.07,5,0,0,1,No,it works!!! we use it to control the fire ants in our yard. in georgia you can only control fire ants you can not eliminate them. we ran out of this amdro fire ant killer. i could not get to lowes for about a month. the ant hills grew in size and number. finally i got some from lowes and they are back under control. sprinkle it on and around the mound. the ants take the bait into the mound right away. soon no more ants.,2021-08-31,86,positive,,,1.0,,
310,Garden,2843,AMDRO Ant Block Home Perimeter Ant Bait 24oz,https://www.amazon.com/dp/B000QDEQ7E,Amazon,Amdro,B000QDEQ7E,B000QDEQ7E,No,2021-06-11T00:00:00,2021,6,23,This stuff really works,"Short and sweet - it does what it advertised to do, kill ants. Got rid of two large ant colonies in less than 1 week.",organic reviews,14.47,5,0,0,0,No,"short and sweet - it does what it advertised to do, kill ants. got rid of two large ant colonies in less than 1 week.",2021-06-11,25,positive,,,1.0,1.0,
11177,Garden,72769,AMDRO Mouse Trap ,https://www.walmart.com//ip/Amdro-Mouse-Killer-Trap-Contains-1-Reusable-Mouse-Trap/748827960?selected=true,Walmart,Amdro,748827960,748827960,No,2022-01-20T00:00:00,2022,1,3,Nice improvement on the mouse trap.,"Very efficient product, clean and no mess. Like a previous reviewer, I would have given 5 stars but ran out of the elastic rings. The rings are not sold anywhere. When I called the Amdro Customer Service number as suggested by the respondent to that reviewer, I was told that no, the elastic rings are not available separately. I already bought a second trap just to get more rings, but will not do that again. Poor service response, took another star off.",syndicated reviews,8.98,3,0,0,0,No,"very efficient product, clean and no mess. like a previous reviewer, i would have given 5 stars but ran out of the elastic rings. the rings are not sold anywhere. when i called the amdro customer service number as suggested by the respondent to that reviewer, i was told that no, the elastic rings are not available separately. i already bought a second trap just to get more rings, but will not do that again. poor service response, took another star off.",2022-01-20,82,positive,,,1.0,,
8145,Garden,68017,AMDRO Kills Fire Ants Yard Treatment Bait 5lb,https://www.walmart.com//ip/Amdro-Fire-Ant-Killer-Yard-Treatment-Bait-5-Pounds/26524770?selected=true,Walmart,Amdro,26524770,26524770,No,2021-07-27T00:00:00,2021,7,30,ants,[This review was collected as part of a promotion.] I used this on a rather large fire ant hill that had been in my backyard whenever we moved into our new home. It certainly got the job done! Problem solved I would recommend this to others that have a fire ant issue at their house,organic reviews,22.68,4,0,0,0,Yes,[this review was collected as part of a promotion.] i used this on a rather large fire ant hill that had been in my backyard whenever we moved into our new home. it certainly got the job done! problem solved i would recommend this to others that have a fire ant issue at their house,2021-07-27,55,positive,,,1.0,,
16471,Garden,110045,AMDRO Ant Block Home Perimeter Ant Bait 24oz,https://www.amazon.com/dp/B000QDEQ7E,Amazon,Amdro,B000QDEQ7E,B000QDEQ7E,No,2022-04-25T00:00:00,2022,4,17,ok,The item was 3/4 full when I got it. It was hard to spread out of the top provided. Hoping it works though.,organic reviews,14.27,3,0,0,0,No,the item was 3/4 full when i got it. it was hard to spread out of the top provided. hoping it works though.,2022-04-25,23,positive,,,,,
1773,Garden,14150,AMDRO Mole & Gopher Bait 1lb,http://www.homedepot.com/p/t/203995618,Homedepot,Amdro,203995618,203995618,No,2021-06-22T00:00:00,2021,6,25,Easy to use with the gofer feeder pole or by...,Easy to use with the gofer feeder pole or by spoon.,organic reviews,7.99,5,0,0,0,No,easy to use with the gofer feeder pole or by spoon.,2021-06-22,11,positive,,1.0,,,
24750,Garden,140682,AMDRO Quick Kill Home Perimeter Insect Killer Granules 2lb,http://www.homedepot.com/p/305448975,Homedepot,Amdro,305448975,305448975,No,2022-06-30T00:00:00,2022,6,26,"Always hard to tell if these products work effectively, just...","Always hard to tell if these products work effectively, just because it takes time and a perception of progress being made.  I noticed that after first application, the insects trying to make their way into my home decreased, but was this all attributable to the product; Im not sure.  I applied again a few weeks later as a ""just-in-case"" measure and now I see even less insects.  All-in-all I will give this four stars out of five and keep hoping for the best.",organic reviews,6.47,4,0,0,0,No,"always hard to tell if these products work effectively, just because it takes time and a perception of progress being made.  i noticed that after first application, the insects trying to make their way into my home decreased, but was this all attributable to the product; im not sure.  i applied again a few weeks later as a ""just-in-case"" measure and now i see even less insects.  all-in-all i will give this four stars out of five and keep hoping for the best.",2022-06-30,86,negative,,,1.0,1.0,
2773,Garden,24272,AMDRO Rat Trap,https://www.homedepot.com/p/AMDRO-Rat-Trap-100534974/306341862,Homedepot,Amdro,306341862,306341862,No,2021-11-18T00:00:00,2021,11,46,Totally ineffective!...,Totally ineffective!,organic reviews,11.87,1,0,0,0,No,totally ineffective!,2021-11-18,2,negative,,,,,
1930,Garden,15096,AMDRO Ant Block Home Perimeter Ant Bait 24oz,http://www.homedepot.com/p/t/100598633,Homedepot,Amdro,100598633,100598633,Yes,2021-06-24T00:00:00,2021,6,25,Doesnt work that well.  Within a few days all...,Doesnt work that well.  Within a few days all the ant holes were back.,organic reviews,14.47,2,0,0,0,No,doesnt work that well.  within a few days all the ant holes were back.,2021-06-24,15,negative,,,,1.0,
2267,Garden,19191,AMDRO Quick Kill Home Perimeter Insect Killer Granules 2lb,http://www.homedepot.com/p/t/305448975,Homedepot,Amdro,305448975,305448975,No,2021-07-16T00:00:00,2021,7,28,Amdro WORKS....best recommendation!,Amdro WORKS....best recommendation!,organic reviews,6.6,5,0,0,0,No,amdro works....best recommendation!,2021-07-16,3,positive,,,1.0,,
552,Garden,4098,AMDRO Ant Block Home Perimeter Ant Bait 24oz,https://www.amazon.com/dp/B000QDEQ7E,Amazon,Amdro,B000QDEQ7E,B000QDEQ7E,No,2021-09-06T00:00:00,2021,9,36,It really works. But it may take a couple of weeks.,"I put out this bait for carpenter ants. They devoured it quickly every night for about 4 days. They they stopped. I then put out several liquid ant baits and they ate that quite happily for a couple of days. So I waited a few days and put out more of the Amdro granules. They ate more.After 3 weeks, there are no more ants. Dont give up too soon. It works.Be sure to sweep out the bait that gets wet and put out new dry bait.",organic reviews,14.47,5,0,0,0,No,"i put out this bait for carpenter ants. they devoured it quickly every night for about 4 days. they they stopped. i then put out several liquid ant baits and they ate that quite happily for a couple of days. so i waited a few days and put out more of the amdro granules. they ate more.after 3 weeks, there are no more ants. dont give up too soon. it works.be sure to sweep out the bait that gets wet and put out new dry bait.",2021-09-06,86,positive,,,,1.0,
13328,Garden,78001,AMDRO Fire Ant Bait 1lb,https://www.amazon.com/dp/B000HJDG0U,Amazon,Amdro,B000HJDG0U,B000HJDG0U,No,2022-03-21T00:00:00,2022,3,12,Great,great product!,organic reviews,11.22,4,0,0,0,No,great product!,2022-03-21,2,positive,,,,,
600,Garden,4272,AMDRO Quick Kill Home Perimeter Insect Killer Granules 2lb,https://www.amazon.com/dp/B07CZSDLTW,Amazon,Amdro,B07CZSDLTW,B07CZSDLTW,No,2021-06-20T00:00:00,2021,6,24,Large pile of dead ants around the crystals.,This stuff really works!!! The ants that eat it die right away! Others will take it back to the nest. We had an ant mountain in the back yard with what looked like thousands of red & black ants. Within days there were hardly any left around. Will definitely order this again to finish the job!!,organic reviews,7.09,5,0,0,0,No,this stuff really works!!! the ants that eat it die right away! others will take it back to the nest. we had an ant mountain in the back yard with what looked like thousands of red & black ants. within days there were hardly any left around. will definitely order this again to finish the job!!,2021-06-20,56,positive,,,1.0,1.0,
15616,Garden,100211,AMDRO Fire Ant Bait 6oz,https://www.homedepot.com/p/AMDRO-6-oz-Fire-Ant-Killer-Bait-100099058/305448173,Homedepot,Amdro,305448173,305448173,Yes,2022-04-19T00:00:00,2022,4,16,always a satisfied result,great product and price,organic reviews,9.59,5,0,0,0,No,great product and price,2022-04-19,4,positive,1.0,,,,
2249,Garden,18927,"AMDRO Quick Kill Carpenter Bee, Ant & Termite Killer RTU 1gal",https://www.homedepot.com/p/AMDRO-1-Gal-Quick-Kill-Carpenter-Bee-Ant-and-Termite-Killer-Ready-to-Use-100526850/305448789,Homedepot,Amdro,305448789,305448729,Yes,2021-06-13T00:00:00,2021,6,23,Amdro quick kill,[This review was collected as part of a promotion.] Glad it was ready to use. Tons of product. Not sure if it works because I already have a pest service.,syndicated reviews,12.77,4,0,0,0,Yes,[this review was collected as part of a promotion.] glad it was ready to use. tons of product. not sure if it works because i already have a pest service.,2021-06-13,30,positive,,,,,
8717,Garden,68589,AMDRO Ant Block Home Perimeter Ant Bait,https://www.homedepot.com/p/AMDRO-12-oz-Ant-Block-Home-Perimeter-Ant-Killer-Bait-100099307/305448482,Homedepot,Amdro,305448482,100598633,Yes,2021-09-13T00:00:00,2021,9,37,Did nothing.  Literally nothing.,"This did exactly nothing to the ants.  Im about 5 miles East of DT Los Angeles, and we have tiny black ants.  They ignored this like it wasnt even there.  Honestly, this isnt necessarily any worse than most products Ive tried.  The ants here dont care about sweets or sugar, they want protein and fat, like pet food.  I had pretty good success with a similar type treatment about 7 or 8 years ago that you spread on and water in.  But I dont remember what it was!  I wish I knew, because this year the ants have come HARD.",organic reviews,8.62,1,0,0,0,No,"this did exactly nothing to the ants.  im about 5 miles east of dt los angeles, and we have tiny black ants.  they ignored this like it wasnt even there.  honestly, this isnt necessarily any worse than most products ive tried.  the ants here dont care about sweets or sugar, they want protein and fat, like pet food.  i had pretty good success with a similar type treatment about 7 or 8 years ago that you spread on and water in.  but i dont remember what it was!  i wish i knew, because this year the ants have come hard.",2021-09-13,107,negative,,,1.0,,
16130,Garden,100726,AMDRO Quick Kill Lawn Insect Killer 10lb,https://www.lowes.com/pd/AMDRO-Quick-Kill-Outdoor-10-lb-Lawn-Insect-Control/999956666,Lowes,Amdro,999956666,999990210,Yes,2022-04-23T00:00:00,2022,4,16,,"[This review was collected as part of a promotion.] I have used this product for over 10 years. It doesnt matter if you use it in grass, on pavement or anywhere. Insects love it and within a day, they will be gone. I couldnt recommend this product more for anyone dealing with a pest problem",organic reviews,9.48,5,0,0,0,Yes,"[this review was collected as part of a promotion.] i have used this product for over 10 years. it doesnt matter if you use it in grass, on pavement or anywhere. insects love it and within a day, they will be gone. i couldnt recommend this product more for anyone dealing with a pest problem",2022-04-23,55,positive,,,1.0,,
12543,Garden,75011,AMDRO Mouse Trap ,https://www.amazon.com/dp/B07L4B3B38,Amazon,Amdro,B07L4B3B38,B07L4B3B38,No,2022-03-02T00:00:00,2022,3,9,ANDDDD HES GONE!,"That little @$#@@ been scratching in my bedroom wall every night at 2am! Hes been waking me up! I wasnt even sure where to put the trap. Do I need to drill a hole in the wall? I procrastinated a few days to figure out my game plan.Well tonight, not very long ago, I noticed droppings (and wall shavings) on the floor. I set the trap with cheddar, placed it a few inches from the droppings so it wouldnt be pressed against the corner, turned off the light, and laid to bed. 5 minutes later, i heard it! Not loud, not scary, really just annoying mouse sounds. I turned the light on.I watched his tail curl up - GROSS! Then he seemed to have a little seizure, but it didnt last long. If youre squeamish and hear the trap go off, just wait a minute before you investigate.I got my roommate to give him a proper dumpster burial. Hopefully I can sleep through the night now. 5 stars! 110%! Would definitely recommend to a friend. A+++++++++++++++++++++++++++++",organic reviews,6.98,5,0,0,0,No,"that little @$#@@ been scratching in my bedroom wall every night at 2am! hes been waking me up! i wasnt even sure where to put the trap. do i need to drill a hole in the wall? i procrastinated a few days to figure out my game plan.well tonight, not very long ago, i noticed droppings (and wall shavings) on the floor. i set the trap with cheddar, placed it a few inches from the droppings so it wouldnt be pressed against the corner, turned off the light, and laid to bed. 5 minutes later, i heard it! not loud, not scary, really just annoying mouse sounds. i turned the light on.i watched his tail curl up - gross! then he seemed to have a little seizure, but it didnt last long. if youre squeamish and hear the trap go off, just wait a minute before you investigate.i got my roommate to give him a proper dumpster burial. hopefully i can sleep through the night now. 5 stars! 110%! would definitely recommend to a friend. a+++++++++++++++++++++++++++++",2022-03-02,176,positive,,,1.0,1.0,
8171,Garden,68043,AMDRO Ant Block Home Perimeter Ant Bait 24oz,https://www.walmart.com//ip/Amdro-Ant-Block-Home-Perimeter-Ant-Bait-and-Ant-Killer-24-Ounce/16795323?selected=true,Walmart,Amdro,16795323,16795323,No,2021-06-07T00:00:00,2021,6,23,No more ants.,[This review was collected as part of a promotion.] I received this complimentary for testing purposes. This stuff is great. I liked that I could use it outside and not in the house. I also like that I could sprinkle around my house perimeter since I didnt know why or where they were coming from.,organic reviews,14.47,5,0,0,0,Yes,[this review was collected as part of a promotion.] i received this complimentary for testing purposes. this stuff is great. i liked that i could use it outside and not in the house. i also like that i could sprinkle around my house perimeter since i didnt know why or where they were coming from.,2021-06-07,55,positive,,1.0,,,
8151,Garden,68023,AMDRO Ant Block Home Perimeter Ant Bait 24oz,https://www.walmart.com//ip/Amdro-Ant-Block-Home-Perimeter-Ant-Bait-and-Ant-Killer-24-Ounce/16795323?selected=true,Walmart,Amdro,16795323,16795323,No,2021-06-22T00:00:00,2021,6,25,AMDRO Home Perimeter Ant Block/Bait,"My order was received in a well packed box with everything I was expecting.  This product works for the ants around my house, I was getting invaded by ants every year until I started using this product.  It in no way lasts 3 months for me, but we have so many ants its ridiculous,  and I would imagine I would have to hire professional exterminators if I did not apply this every 1-1 months or so. I use it on approximately 1 acre of the property and with a small handheld spreader it takes 4 -24 oz containers to properly treat all the areas infested with ants. Since using this product  I have not had more than 2 small ants come in my home. The disturbingly large 1"" ants still come in, but I dont know how to stop them. I figure they will soon be large enough to simply open my door and let themselves in! But this really is a great product if you have any ant infestations,  or even ant hills littering your yard. It hasnt seemed to affect the numerous other wildlife, such as frogs and toads, grasshoppers, butterflies and moths, spiders, dragonflies,  or birds.",organic reviews,14.47,4,0,0,0,No,"my order was received in a well packed box with everything i was expecting.  this product works for the ants around my house, i was getting invaded by ants every year until i started using this product.  it in no way lasts 3 months for me, but we have so many ants its ridiculous,  and i would imagine i would have to hire professional exterminators if i did not apply this every 1-1 months or so. i use it on approximately 1 acre of the property and with a small handheld spreader it takes 4 -24 oz containers to properly treat all the areas infested with ants. since using this product  i have not had more than 2 small ants come in my home. the disturbingly large 1"" ants still come in, but i dont know how to stop them. i figure they will soon be large enough to simply open my door and let themselves in! but this really is a great product if you have any ant infestations,  or even ant hills littering your yard. it hasnt seemed to affect the numerous other wildlife, such as frogs and toads, grasshoppers, butterflies and moths, spiders, dragonflies,  or birds.",2021-06-22,205,positive,,,,,
17063,Garden,110637,AMDRO Ant Block Home Perimeter Ant Bait 24oz,http://www.homedepot.com/p/100598633,Homedepot,Amdro,100598633,100598633,Yes,2022-05-04T00:00:00,2022,5,18,Its creepy that Home Depot tracks me and my purchases....,Its creepy that Home Depot tracks me and my purchases.  The product is good.  But Home Depot needs to learn some boundaries.,organic reviews,14.27,5,0,0,0,No,its creepy that home depot tracks me and my purchases.  the product is good.  but home depot needs to learn some boundaries.,2022-05-04,24,positive,,,,,
12731,Garden,76007,AMDRO Ant Block Home Perimeter Ant Bait 24oz,https://www.amazon.com/dp/B000QDEQ7E,Amazon,Amdro,B000QDEQ7E,B000QDEQ7E,No,2022-03-08T00:00:00,2022,3,10,Kill Leaf Cutter Ants,Amdro and Amdro ant bait does a good job on your ant problem.,organic reviews,14.27,5,0,0,0,No,amdro and amdro ant bait does a good job on your ant problem.,2022-03-08,13,positive,,,1.0,,
740,Garden,5060,AMDRO Kills Fire Ants Yard Treatment Bait 5lb,https://www.amazon.com/dp/B00FN3GOX6,Amazon,Amdro,B00FN3GOX6,B00FN3GOX6,No,2021-10-18T00:00:00,2021,10,42,Useless,"Bought four bags, used one bag to treat mounds 4 days ago. The ants are more lively than ever. Two days ago I used the other three bags and broadcast them over the yard. They love the stuff! It doent kill them, but they are partying up. I could have peed on them and gotten the same redults and more satisfaction.",organic reviews,22.68,1,0,0,0,No,"bought four bags, used one bag to treat mounds 4 days ago. the ants are more lively than ever. two days ago i used the other three bags and broadcast them over the yard. they love the stuff! it doent kill them, but they are partying up. i could have peed on them and gotten the same redults and more satisfaction.",2021-10-18,61,negative,,,1.0,1.0,
8669,Garden,68541,AMDRO Ant Block Home Perimeter Ant Bait,https://www.homedepot.com/p/AMDRO-12-oz-Ant-Block-Home-Perimeter-Ant-Killer-Bait-100099307/305448482,Homedepot,Amdro,305448482,100598633,Yes,2021-10-16T00:00:00,2021,10,41,Carpenter ants,Used it and still had ants.,organic reviews,8.62,3,0,0,0,No,used it and still had ants.,2021-10-16,6,negative,,,1.0,,
18696,Garden,130080,AMDRO Ant Block Home Perimeter Ant Bait 24oz,https://www.amazon.com/dp/B000QDEQ7E,Amazon,Amdro,B000QDEQ7E,B000QDEQ7E,No,2022-05-29T00:00:00,2022,5,21,It worked for ants!,I had quite a big ant problem near my entry and would find ants getting in the house. I spread this around lightly roughly a week ago and I have not seen an ant since. Seemed to have worked great!,organic reviews,14.27,5,0,0,0,No,i had quite a big ant problem near my entry and would find ants getting in the house. i spread this around lightly roughly a week ago and i have not seen an ant since. seemed to have worked great!,2022-05-29,40,positive,,,1.0,1.0,
2078,Garden,17809,AMDRO Gopher Gasser 6-pack,http://www.homedepot.com/p/t/203031283,Homedepot,Amdro,203031283,203031283,No,2021-07-28T00:00:00,2021,7,30,he gophers literally threw them out of the hole! ...,he gophers literally threw them out of the hole!  These were a waste of money!,organic reviews,7.91,1,0,0,0,No,he gophers literally threw them out of the hole!  these were a waste of money!,2021-07-28,16,negative,1.0,,1.0,,
40,Garden,388,AMDRO Fire Ant Bait 2lb,https://www.amazon.com/dp/B002FYMTB2,Amazon,Amdro,B002FYMTB2,B002FYMTB2,No,2021-09-04T00:00:00,2021,9,35,Great ant killer,"Amdro is a great fireant killer, only a little will eliminate a colony. Follow diections!",organic reviews,20.59,5,0,0,0,No,"amdro is a great fireant killer, only a little will eliminate a colony. follow diections!",2021-09-04,15,positive,,,1.0,,
1752,Garden,13914,AMDRO Mole & Gopher Bait 1lb,http://www.homedepot.com/p/t/203995618,Homedepot,Amdro,203995618,203995618,No,2021-11-17T00:00:00,2021,11,46,Gopher Bate,Works as described.  Easy to use.,organic reviews,7.99,5,0,0,0,No,works as described.  easy to use.,2021-11-17,7,positive,,1.0,1.0,,
16993,Garden,110567,1 lb. Fire Ant Killer Bait,https://www.homedepot.com/p/AMDRO-6-oz-Fire-Ant-Killer-Bait-100099058/305448173,Homedepot,Amdro,100327315,305448173,Yes,2022-04-27T00:00:00,2022,4,17,Better than liquid,Ive been using this for years because it is so effective against ants.  When I see small mounds of ants near my foundation or elsewhere I sprinkle just a little around them.  It lasts for weeks.  I feed cats outside my front door and there are no ants in the dishes when I use this.  I am just careful to put it where the cats dont walk.,organic reviews,14.36,5,0,0,0,No,ive been using this for years because it is so effective against ants.  when i see small mounds of ants near my foundation or elsewhere i sprinkle just a little around them.  it lasts for weeks.  i feed cats outside my front door and there are no ants in the dishes when i use this.  i am just careful to put it where the cats dont walk.,2022-04-27,71,positive,,,1.0,1.0,
4883,Garden,55829,AMDRO Ant Block Home Perimeter Ant Bait 24oz,https://www.lowes.com/pd/AMDRO-Ant-Block-24-oz-Ant-Killer/1000044709,Lowes,Amdro,1000044709,1000044709,No,2021-06-03T00:00:00,2021,6,22,Problem solver,Great product. We had huge problem with ants everywhere in our house. Used product and in about a week all ants were gone.,organic reviews,9.47,5,0,0,0,No,great product. we had huge problem with ants everywhere in our house. used product and in about a week all ants were gone.,2021-06-03,23,positive,,,,1.0,1.0
20693,Garden,132374,"AMDRO Quick Kill Carpenter Bee, Ant & Termite Killer Foam",http://www.homedepot.com/p/305448729,Homedepot,Amdro,305448910,305448729,Yes,2022-05-25T00:00:00,2022,5,21,AMDRO really works! Its safe and easy to use.,I purchased another gallon of AMDRO because it really works!,organic reviews,10.46,5,0,0,0,No,i purchased another gallon of amdro because it really works!,2022-05-25,10,positive,,,,1.0,
14209,Garden,80012,AMDRO Ant Block Home Perimeter Ant Bait 24oz,https://www.amazon.com/dp/B000QDEQ7E,Amazon,Amdro,B000QDEQ7E,B000QDEQ7E,No,2022-04-05T00:00:00,2022,4,14,It works!,"I had an ant problem recently and used this product. I spread it around the house near the foundation. Since then, I have only seen one or two. Its been 3 weeks!",organic reviews,14.27,4,0,0,0,No,"i had an ant problem recently and used this product. i spread it around the house near the foundation. since then, i have only seen one or two. its been 3 weeks!",2022-04-05,32,positive,,,,1.0,1.0
7584,Garden,67456,"AMDRO Quick Kill Carpenter Bee, Ant & Termite Killer RTU 1gal",https://www.walmart.com//ip/Amdro-Quick-Kill-Carpenter-Bee-Ant-Termite-Killer-Trigger-Sprayer-1-Gallon/495792776?selected=true,Walmart,Amdro,495792776,495792776,No,2021-08-01T00:00:00,2021,8,30,MISSING MAIN PART!,the trigger sprayer was missing!,organic reviews,12.77,1,0,0,0,No,the trigger sprayer was missing!,2021-08-01,5,negative,,,,,
123,Garden,1256,AMDRO Ant Block Home Perimeter Ant Bait 12oz,https://www.amazon.com/dp/B001H1JKSY,Amazon,Amdro,B001H1JKSY,B001H1JKSY,No,2021-08-17T00:00:00,2021,8,33,Amazing,"I honestly had my doubts. I live in New Jersey and had tons of ant colonies alongside my home. It got so bad that they were coming inside and in my kitchen and bathroom. I poured this stuff in a couple spots in my yard one time and after just day, there were no longer ants inside my house. It seriously works. When i initially poured this stuff i expected the ants to immediately stop what theyre doing and grab it. That wasnt exactly how it went. I thought it wasnt working, left the house for a few hours and came back and they was significantly way less ants. If youre on the fence, try this!",organic reviews,8.88,5,0,0,0,No,"i honestly had my doubts. i live in new jersey and had tons of ant colonies alongside my home. it got so bad that they were coming inside and in my kitchen and bathroom. i poured this stuff in a couple spots in my yard one time and after just day, there were no longer ants inside my house. it seriously works. when i initially poured this stuff i expected the ants to immediately stop what theyre doing and grab it. that wasnt exactly how it went. i thought it wasnt working, left the house for a few hours and came back and they was significantly way less ants. if youre on the fence, try this!",2021-08-17,116,positive,,,,1.0,1.0
20740,Garden,132433,AMDRO Ant Killing Bait 8-pk,http://www.homedepot.com/p/307855811,Homedepot,Amdro,307973438,307855811,Yes,2022-05-19T00:00:00,2022,5,20,The ONLY thing Ive found that truly works. Set it...,The ONLY thing Ive found that truly works. Set it and forget it. No fuss.,organic reviews,4.99,5,0,0,0,No,the only thing ive found that truly works. set it and forget it. no fuss.,2022-05-19,15,positive,,,,1.0,
20697,Garden,132378,"AMDRO Quick Kill Carpenter Bee, Ant & Termite Killer Foam",http://www.homedepot.com/p/305448729,Homedepot,Amdro,305448910,305448729,Yes,2022-05-20T00:00:00,2022,5,20,Does not work on carpenter bees.,Just like many of the other 1 Star reviews I sprayed the diluted repellent directly on carpenter bees and had no effect. I used a stronger ratio of 4 ounces for 1 gallon of water and sprayed them directly again still had no results.,organic reviews,10.46,1,0,0,0,No,just like many of the other 1 star reviews i sprayed the diluted repellent directly on carpenter bees and had no effect. i used a stronger ratio of 4 ounces for 1 gallon of water and sprayed them directly again still had no results.,2022-05-20,44,negative,,,,1.0,
368,Garden,3145,AMDRO Ant Block Home Perimeter Ant Bait 24oz,https://www.amazon.com/dp/B000QDEQ7E,Amazon,Amdro,B000QDEQ7E,B000QDEQ7E,No,2021-07-06T00:00:00,2021,7,27,Did not work,Did not work. Had to call exterminator for help.,organic reviews,14.47,1,0,0,0,No,did not work. had to call exterminator for help.,2021-07-06,9,negative,,,,1.0,
130,Garden,1285,AMDRO Ant Block Home Perimeter Ant Bait 12oz,https://www.amazon.com/dp/B001H1JKSY,Amazon,Amdro,B001H1JKSY,B001H1JKSY,No,2021-06-09T00:00:00,2021,6,23,This is old stock,"I learned from using this product that you MUST use new (current year) stock or it will not be nearly as effective. I knew as soon as I opened the bottle that it was old, as the color of the active granules is a very light butter yellow. The granules in my bottle were dark yellow-old. I checked the date (stamped in ink on the bottle as part of a product code) and it was from 2020. NOT HAPPY.I expected being from Amazon that the product would have a large overturn and be very current stock-guess I should have asked the seller before purchase how old it was.Learn from my mistake and contact the seller to see what year the product was made.",organic reviews,8.88,1,0,0,0,No,"i learned from using this product that you must use new (current year) stock or it will not be nearly as effective. i knew as soon as i opened the bottle that it was old, as the color of the active granules is a very light butter yellow. the granules in my bottle were dark yellow-old. i checked the date (stamped in ink on the bottle as part of a product code) and it was from 2020. not happy.i expected being from amazon that the product would have a large overturn and be very current stock-guess i should have asked the seller before purchase how old it was.learn from my mistake and contact the seller to see what year the product was made.",2021-06-09,123,negative,,,,,
10409,Garden,72001,AMDRO Fire Ant Bait 2lb,https://www.amazon.com/dp/B002FYMTB2,Amazon,Amdro,B002FYMTB2,B002FYMTB2,No,2022-01-26T00:00:00,2022,1,4,It works..,Just sprinkle it on and walk away.,organic reviews,19.97,4,0,0,0,No,just sprinkle it on and walk away.,2022-01-26,7,positive,,,1.0,,
2222,Garden,18648,"AMDRO Quick Kill Carpenter Bee, Ant & Termite Killer RTU 1gal",https://www.homedepot.com/p/AMDRO-1-Gal-Quick-Kill-Carpenter-Bee-Ant-and-Termite-Killer-Ready-to-Use-100526850/305448789,Homedepot,Amdro,305448789,305448729,Yes,2021-06-25T00:00:00,2021,6,25,"Worked well, the bees were gone. It works better if you have a long extension sprayer so the spra...","Worked well, the bees were gone. It works better if you have a long extension sprayer so the sprayer head can reach higher bee nests.",organic reviews,12.77,5,0,0,0,No,"worked well, the bees were gone. it works better if you have a long extension sprayer so the sprayer head can reach higher bee nests.",2021-06-25,25,positive,,,,1.0,
13893,Garden,79110,AMDRO Ant Block Home Perimeter Ant Bait 24oz,http://www.homedepot.com/p/100598633,Homedepot,Amdro,100598633,100598633,Yes,2022-04-02T00:00:00,2022,4,13,Cheap n Easy!,"I have been using this product for many years to kill the ants.  It is very easy to use, just walk around the house to drop a few of it on every few inches around the foundation.  Dont need to pay for the professional to do the job.  I do it before spring n before fall!",organic reviews,15.97,5,0,0,0,No,"i have been using this product for many years to kill the ants.  it is very easy to use, just walk around the house to drop a few of it on every few inches around the foundation.  dont need to pay for the professional to do the job.  i do it before spring n before fall!",2022-04-02,59,positive,,,,1.0,
18920,Garden,130365,AMDRO Mole & Gopher Bait 1lb,http://www.homedepot.com/p/203995618,Homedepot,Amdro,203995618,203995618,No,2022-05-12T00:00:00,2022,5,19,Poor product made it worse than ever mounds were even...,Poor product made it worse than ever mounds were even bigger than before waste of money,organic reviews,8.99,1,0,0,0,No,poor product made it worse than ever mounds were even bigger than before waste of money,2022-05-12,16,negative,1.0,,1.0,,
